sample_start_ns,sample_end_ns,psi_io_some_total_us,psi_io_full_total_us,psi_io_some_delta_us,psi_io_full_delta_us
214009169380638,214009269768594,320010537,312095543,0,0
214009269768594,214009370176133,320010541,312095547,4,4
214009370176133,214009470537164,320010541,312095547,0,0
214009470537164,214009570930322,320010541,312095547,0,0
214009570930322,214009671308203,320010541,312095547,0,0
214009671308203,214009771845024,320010541,312095547,0,0
214009771845024,214009872204936,320010541,312095547,0,0
214009872204936,214009973392955,320010541,312095547,0,0
214009973392955,214010074474908,320010541,312095547,0,0
214010074474908,214010177326410,320010541,312095547,0,0
214010177326410,214010278351957,320012735,312097693,2194,2146
214010278351957,214010380904642,320012819,312097766,84,73
214010380904642,214010483329343,320012819,312097766,0,0
214010483329343,214010585393812,320012819,312097766,0,0
214010585393812,214010687648895,320012819,312097766,0,0
214010687648895,214010789871586,320012821,312097768,2,2
214010789871586,214010891962115,320012821,312097768,0,0
214010891962115,214010994388110,320012821,312097768,0,0
214010994388110,214011097305921,320012821,312097768,0,0
214011097305921,214011199719029,320012821,312097768,0,0
214011199719029,214011302092689,320012890,312097837,69,69
214011302092689,214011404767943,320012970,312097887,80,50
214011404767943,214011507294475,320013120,312098033,150,146
214011507294475,214011609811078,320013776,312098572,656,539
214011609811078,214011712281928,320013776,312098572,0,0
214011712281928,214011814053046,320013810,312098605,34,33
214011814053046,214011916582055,320013810,312098605,0,0
214011916582055,214012018969375,320013810,312098605,0,0
214012018969375,214012121410715,320015494,312100127,1684,1522
214012121410715,214012223987950,320015679,312100303,185,176
214012223987950,214012327204859,320015685,312100310,6,7
214012327204859,214012429703163,320015685,312100310,0,0
214012429703163,214012532065242,320015685,312100310,0,0
214012532065242,214012633153369,320015685,312100310,0,0
214012633153369,214012735470444,320015685,312100310,0,0
214012735470444,214012837870232,320015686,312100310,1,0
214012837870232,214012940246939,320015686,312100310,0,0
214012940246939,214013042355580,320015784,312100403,98,93
214013042355580,214013144440288,320015784,312100403,0,0
214013144440288,214013246804181,320015784,312100403,0,0
214013246804181,214013349045262,320015829,312100446,45,43
214013349045262,214013451577218,320015870,312100485,41,39
214013451577218,214013553820102,320016213,312100819,343,334
214013553820102,214013654895243,320016213,312100819,0,0
214013654895243,214013757108104,320016213,312100819,0,0
214013757108104,214013859569770,320016225,312100828,12,9
214013859569770,214013961983628,320016404,312100999,179,171
214013961983628,214014064414488,320016404,312100999,0,0
214014064414488,214014166622494,320016404,312100999,0,0
214014166622494,214014268754121,320016404,312100999,0,0
214014268754121,214014371059120,320016445,312101040,41,41
214014371059120,214014473592717,320016445,312101040,0,0
214014473592717,214014576209486,320016445,312101040,0,0
214014576209486,214014678999722,320016445,312101040,0,0
214014678999722,214014781344282,320016445,312101040,0,0
214014781344282,214014883647832,320016471,312101041,26,1
214014883647832,214014986333719,320016471,312101041,0,0
214014986333719,214015088980923,320016471,312101041,0,0
214015088980923,214015191197289,320016471,312101041,0,0
214015191197289,214015293632577,320016476,312101045,5,4
214015293632577,214015395944370,320016476,312101045,0,0
214015395944370,214015498107918,320016476,312101045,0,0
214015498107918,214015600203185,320016476,312101045,0,0
214015600203185,214015702614200,320016476,312101045,0,0
214015702614200,214015803785132,320016480,312101050,4,5
214015803785132,214015906338853,320016480,312101050,0,0
214015906338853,214016008816687,320016480,312101050,0,0
214016008816687,214016110563620,320016480,312101050,0,0
214016110563620,214016212061927,320016480,312101050,0,0
214016212061927,214016314174328,320016490,312101059,10,9
214016314174328,214016415268774,320016516,312101085,26,26
214016415268774,214016516482028,320016516,312101085,0,0
214016516482028,214016617445795,320016516,312101085,0,0
214016617445795,214016718608698,320016516,312101085,0,0
214016718608698,214016820613020,320016868,312101420,352,335
214016820613020,214016923075071,320016898,312101439,30,19
214016923075071,214017025831087,320017035,312101572,137,133
214017025831087,214017128557791,320017099,312101629,64,57
214017128557791,214017231081994,320017099,312101629,0,0
214017231081994,214017333997405,320017105,312101635,6,6
214017333997405,214017436473406,320017105,312101635,0,0
214017436473406,214017538246889,320017105,312101635,0,0
214017538246889,214017640427723,320017493,312101939,388,304
214017640427723,214017742846609,320017493,312101939,0,0
214017742846609,214017845198544,320017539,312101985,46,46
214017845198544,214017947104259,320017586,312102027,47,42
214017947104259,214018049275383,320017586,312102027,0,0
214018049275383,214018150734187,320017586,312102027,0,0
214018150734187,214018253107026,320017586,312102027,0,0
214018253107026,214018355561084,320017810,312102246,224,219
214018355561084,214018457905831,320017810,312102246,0,0
214018457905831,214018560413235,320017874,312102308,64,62
214018560413235,214018662809586,320017874,312102308,0,0
214018662809586,214018765324220,320017885,312102317,11,9
214018765324220,214018867341018,320017945,312102377,60,60
214018867341018,214018969373246,320017945,312102377,0,0
214018969373246,214019070453052,320017945,312102377,0,0
214019070453052,214019172806332,320017989,312102415,44,38
214019172806332,214019275097057,320018381,312102795,392,380
214019275097057,214019377329539,320018407,312102821,26,26
214019377329539,214019479943077,320018634,312103040,227,219
214019479943077,214019582422565,320018634,312103040,0,0
214019582422565,214019684994181,320018690,312103094,56,54
214019684994181,214019787910853,320018767,312103123,77,29
214019787910853,214019890573019,320018767,312103123,0,0
214019890573019,214019993457836,320018767,312103123,0,0
214019993457836,214020095967796,320018767,312103123,0,0
214020095967796,214020198693147,320018767,312103123,0,0
214020198693147,214020302072267,320018821,312103144,54,21
214020302072267,214020404251899,320018821,312103144,0,0
214020404251899,214020506208147,320018915,312103234,94,90
214020506208147,214020608441731,320018915,312103234,0,0
214020608441731,214020710952527,320018915,312103234,0,0
214020710952527,214020812789489,320018918,312103236,3,2
214020812789489,214020914879592,320018918,312103236,0,0
214020914879592,214021017208761,320018918,312103236,0,0
214021017208761,214021119120916,320018918,312103236,0,0
214021119120916,214021221047908,320018918,312103236,0,0
214021221047908,214021323053425,320018934,312103252,16,16
214021323053425,214021425344360,320018939,312103257,5,5
214021425344360,214021527577875,320018939,312103257,0,0
214021527577875,214021629981834,320018991,312103307,52,50
214021629981834,214021732228959,320018991,312103307,0,0
214021732228959,214021834922967,320019047,312103361,56,54
214021834922967,214021937809445,320019047,312103361,0,0
214021937809445,214022040403394,320019100,312103410,53,49
214022040403394,214022143722371,320019409,312103706,309,296
214022143722371,214022246279147,320019409,312103706,0,0
214022246279147,214022348923140,320019624,312103905,215,199
214022348923140,214022451275820,320019746,312104024,122,119
214022451275820,214022553667351,320019746,312104024,0,0
214022553667351,214022656058552,320019746,312104024,0,0
214022656058552,214022758482097,320020032,312104289,286,265
214022758482097,214022861264280,320020040,312104297,8,8
214022861264280,214022963629843,320020040,312104297,0,0
214022963629843,214023066049754,320020040,312104297,0,0
214023066049754,214023168109224,320020040,312104297,0,0
214023168109224,214023270494676,320020040,312104297,0,0
214023270494676,214023372907591,320020046,312104303,6,6
214023372907591,214023475475316,320020046,312104303,0,0
214023475475316,214023578223762,320020046,312104303,0,0
214023578223762,214023680735251,320020046,312104303,0,0
214023680735251,214023783120621,320020051,312104308,5,5
214023783120621,214023885731955,320020095,312104350,44,42
214023885731955,214023988188159,320020168,312104420,73,70
214023988188159,214024090370871,320020168,312104420,0,0
214024090370871,214024192438484,320020168,312104420,0,0
214024192438484,214024293531634,320020170,312104422,2,2
214024293531634,214024395902795,320020172,312104424,2,2
214024395902795,214024498434780,320020172,312104424,0,0
214024498434780,214024600666129,320020172,312104424,0,0
214024600666129,214024703062873,320020747,312104789,575,365
214024703062873,214024805652190,320020760,312104802,13,13
214024805652190,214024908544969,320020761,312104803,1,1
214024908544969,214025010907839,320020783,312104824,22,21
214025010907839,214025113042502,320020826,312104864,43,40
214025113042502,214025214087526,320020872,312104906,46,42
214025214087526,214025316586946,320021125,312105152,253,246
214025316586946,214025419279027,320021736,312105747,611,595
214025419279027,214025520381292,320021983,312105987,247,240
214025520381292,214025622858754,320021983,312105987,0,0
214025622858754,214025725298475,320021983,312105987,0,0
214025725298475,214025827240416,320021984,312105988,1,1
214025827240416,214025929209840,320021984,312105988,0,0
214025929209840,214026031034665,320021984,312105988,0,0
214026031034665,214026132949134,320021984,312105988,0,0
214026132949134,214026235330052,320021984,312105988,0,0
214026235330052,214026337759888,320021985,312105989,1,1
214026337759888,214026440267629,320022001,312106005,16,16
214026440267629,214026543077208,320022254,312106251,253,246
214026543077208,214026645611260,320022364,312106356,110,105
214026645611260,214026747029946,320022364,312106356,0,0
214026747029946,214026849152066,320022379,312106360,15,4
214026849152066,214026951762726,320022379,312106360,0,0
214026951762726,214027054940871,320022379,312106360,0,0
214027054940871,214027157251623,320022379,312106360,0,0
214027157251623,214027259706412,320022379,312106360,0,0
214027259706412,214027361910606,320022450,312106427,71,67
214027361910606,214027462986136,320022549,312106522,99,95
214027462986136,214027565034854,320022549,312106522,0,0
214027565034854,214027667178617,320022549,312106522,0,0
214027667178617,214027768271757,320022549,312106522,0,0
214027768271757,214027870604341,320022893,312106860,344,338
214027870604341,214027973098242,320023136,312107098,243,238
214027973098242,214028075473841,320023136,312107098,0,0
214028075473841,214028177696688,320023136,312107098,0,0
214028177696688,214028280041740,320023136,312107098,0,0
214028280041740,214028382898050,320023147,312107109,11,11
214028382898050,214028485243539,320023147,312107109,0,0
214028485243539,214028587270375,320023147,312107109,0,0
214028587270375,214028689758676,320023155,312107116,8,7
214028689758676,214028792082908,320023162,312107123,7,7
214028792082908,214028894165137,320023162,312107123,0,0
214028894165137,214028995205669,320023162,312107123,0,0
214028995205669,214029097256226,320023162,312107123,0,0
214029097256226,214029199678597,320023162,312107123,0,0
214029199678597,214029301673526,320023162,312107123,0,0
214029301673526,214029404249856,320023175,312107136,13,13
214029404249856,214029506964729,320023175,312107136,0,0
214029506964729,214029609440876,320023175,312107136,0,0
214029609440876,214029711913194,320023175,312107136,0,0
214029711913194,214029814425468,320023868,312107711,693,575
214029814425468,214029916858998,320023868,312107711,0,0
214029916858998,214030019484378,320023868,312107711,0,0
214030019484378,214030121408010,320023868,312107711,0,0
214030121408010,214030223432885,320023868,312107711,0,0
214030223432885,214030326080183,320023876,312107718,8,7
214030326080183,214030428921367,320023876,312107718,0,0
214030428921367,214030531180215,320023876,312107718,0,0
214030531180215,214030633378789,320023876,312107718,0,0
214030633378789,214030735059130,320023876,312107718,0,0
214030735059130,214030837461800,320024921,312108382,1045,664
214030837461800,214030939954235,320024921,312108382,0,0
214030939954235,214031042408580,320024921,312108382,0,0
214031042408580,214031144905732,320024945,312108404,24,22
214031144905732,214031246597574,320024945,312108404,0,0
214031246597574,214031347816656,320024980,312108427,35,23
214031347816656,214031450546861,320024983,312108430,3,3
214031450546861,214031552774044,320024983,312108430,0,0
214031552774044,214031655065952,320024983,312108430,0,0
214031655065952,214031757542584,320024983,312108430,0,0
214031757542584,214031858975200,320024991,312108438,8,8
214031858975200,214031960799518,320024991,312108438,0,0
214031960799518,214032063310491,320024991,312108438,0,0
214032063310491,214032165640560,320024991,312108438,0,0
214032165640560,214032269735722,320025191,312108631,200,193
214032269735722,214032372508117,320025240,312108680,49,49
214032372508117,214032474950794,320025240,312108680,0,0
214032474950794,214032577349680,320025544,312108975,304,295
214032577349680,214032678545518,320025544,312108975,0,0
214032678545518,214032781080951,320026219,312109569,675,594
214032781080951,214032883847269,320026332,312109677,113,108
214032883847269,214032987079457,320026418,312109759,86,82
214032987079457,214033089500434,320026418,312109759,0,0
214033089500434,214033192340631,320026418,312109759,0,0
214033192340631,214033294794281,320026425,312109767,7,8
214033294794281,214033397355491,320026425,312109767,0,0
214033397355491,214033500068934,320026425,312109767,0,0
214033500068934,214033602354937,320026425,312109767,0,0
214033602354937,214033705063027,320026645,312109981,220,214
214033705063027,214033807580812,320026651,312109983,6,2
214033807580812,214033910052521,320026651,312109983,0,0
214033910052521,214034012478971,320026651,312109983,0,0
214034012478971,214034114904549,320026763,312110092,112,109
214034114904549,214034217561061,320026763,312110092,0,0
214034217561061,214034320260433,320026764,312110093,1,1
214034320260433,214034422679493,320026809,312110099,45,6
214034422679493,214034525071788,320027000,312110284,191,185
214034525071788,214034628071053,320027000,312110284,0,0
214034628071053,214034731473953,320028208,312111121,1208,837
214034731473953,214034834032424,320028209,312111122,1,1
214034834032424,214034937611465,320028209,312111122,0,0
214034937611465,214035040244732,320028209,312111122,0,0
214035040244732,214035143576769,320028209,312111122,0,0
214035143576769,214035246036673,320028209,312111122,0,0
214035246036673,214035349236587,320028229,312111141,20,19
214035349236587,214035451936353,320028229,312111141,0,0
214035451936353,214035554650366,320028229,312111141,0,0
214035554650366,214035657564435,320028296,312111206,67,65
214035657564435,214035758688061,320028296,312111206,0,0
214035758688061,214035861251534,320028334,312111244,38,38
214035861251534,214035963436811,320028949,312111844,615,600
214035963436811,214036065638062,320032548,312115370,3599,3526
214036065638062,214036168067072,320032869,312115679,321,309
214036168067072,214036270438054,320032869,312115679,0,0
214036270438054,214036372630120,320032960,312115763,91,84
214036372630120,214036475103857,320033406,312116187,446,424
214036475103857,214036577475600,320033406,312116187,0,0
214036577475600,214036680982736,320033406,312116187,0,0
214036680982736,214036783759786,320033406,312116187,0,0
214036783759786,214036886644843,320033435,312116192,29,5
214036886644843,214036989452185,320033435,312116192,0,0
214036989452185,214037092087518,320033435,312116192,0,0
214037092087518,214037195191243,320033435,312116192,0,0
214037195191243,214037297511356,320033437,312116194,2,2
214037297511356,214037400066968,320033437,312116194,0,0
214037400066968,214037502480846,320033437,312116194,0,0
214037502480846,214037604848277,320033437,312116194,0,0
214037604848277,214037706140789,320033437,312116194,0,0
214037706140789,214037808567042,320033456,312116204,19,10
214037808567042,214037911226900,320034751,312116897,1295,693
214037911226900,214038014053433,320035361,312117483,610,586
214038014053433,214038116708380,320035538,312117653,177,170
214038116708380,214038219178056,320036488,312118579,950,926
214038219178056,214038321472235,320037220,312119296,732,717
214038321472235,214038423948404,320037623,312119686,403,390
214038423948404,214038526527124,320037623,312119686,0,0
214038526527124,214038628935191,320037623,312119686,0,0
214038628935191,214038731309238,320037623,312119686,0,0
214038731309238,214038833743445,320038112,312120124,489,438
214038833743445,214038936139145,320038112,312120124,0,0
214038936139145,214039038677135,320038112,312120124,0,0
214039038677135,214039139597753,320038112,312120124,0,0
214039139597753,214039242075470,320038112,312120124,0,0
214039242075470,214039344822953,320038117,312120129,5,5
214039344822953,214039447994298,320038117,312120129,0,0
214039447994298,214039550690260,320038117,312120129,0,0
214039550690260,214039653257970,320038117,312120129,0,0
214039653257970,214039755812875,320038402,312120391,285,262
214039755812875,214039856876970,320038460,312120449,58,58
214039856876970,214039959966816,320038460,312120449,0,0
214039959966816,214040062875899,320038463,312120450,3,1
214040062875899,214040165415282,320038581,312120563,118,113
214040165415282,214040267747299,320038581,312120563,0,0
214040267747299,214040370269487,320038588,312120570,7,7
214040370269487,214040472654649,320038710,312120687,122,117
214040472654649,214040573832554,320038991,312120960,281,273
214040573832554,214040676367824,320038991,312120960,0,0
214040676367824,214040777596908,320039009,312120979,18,19
214040777596908,214040880657629,320039009,312120979,0,0
214040880657629,214040983111788,320039266,312121226,257,247
214040983111788,214041085586795,320039266,312121226,0,0
214041085586795,214041188071566,320039365,312121321,99,95
214041188071566,214041290387956,320039511,312121464,146,143
214041290387956,214041392448213,320039539,312121491,28,27
214041392448213,214041495081468,320039611,312121562,72,71
214041495081468,214041596543940,320040884,312122801,1273,1239
214041596543940,214041698858464,320041105,312123015,221,214
214041698858464,214041801471972,320041107,312123017,2,2
214041801471972,214041903160220,320041107,312123017,0,0
214041903160220,214042005826975,320041107,312123017,0,0
214042005826975,214042108518984,320041107,312123017,0,0
214042108518984,214042211556857,320041182,312123088,75,71
214042211556857,214042314084996,320041183,312123090,1,2
214042314084996,214042416649618,320041319,312123222,136,132
214042416649618,214042519079202,320041319,312123222,0,0
214042519079202,214042621530281,320041319,312123222,0,0
214042621530281,214042723510842,320041319,312123222,0,0
214042723510842,214042825881754,320041322,312123225,3,3
214042825881754,214042928117786,320041518,312123413,196,188
214042928117786,214043030484523,320041518,312123413,0,0
214043030484523,214043132905141,320042091,312123977,573,564
214043132905141,214043235191639,320042091,312123977,0,0
214043235191639,214043337502071,320042111,312123998,20,21
214043337502071,214043439971170,320042111,312123998,0,0
214043439971170,214043542397865,320042111,312123998,0,0
214043542397865,214043644311214,320042111,312123998,0,0
214043644311214,214043746570945,320042111,312123998,0,0
214043746570945,214043848741609,320042178,312124064,67,66
214043848741609,214043949882800,320042351,312124203,173,139
214043949882800,214044051026048,320042351,312124203,0,0
214044051026048,214044153100897,320042351,312124203,0,0
214044153100897,214044255249352,320042351,312124203,0,0
214044255249352,214044357511716,320042360,312124212,9,9
214044357511716,214044460450986,320042360,312124212,0,0
214044460450986,214044562841447,320042360,312124212,0,0
214044562841447,214044665305068,320042360,312124212,0,0
214044665305068,214044767497412,320042649,312124495,289,283
214044767497412,214044869712061,320042879,312124717,230,222
214044869712061,214044971623385,320043623,312125270,744,553
214044971623385,214045073974242,320043623,312125270,0,0
214045073974242,214045176208897,320043786,312125426,163,156
214045176208897,214045278821899,320043790,312125430,4,4
214045278821899,214045381432621,320043896,312125533,106,103
214045381432621,214045483576147,320044067,312125697,171,164
214045483576147,214045586075491,320044067,312125697,0,0
214045586075491,214045687282646,320044067,312125697,0,0
214045687282646,214045789521753,320044090,312125719,23,22
214045789521753,214045890466675,320044090,312125719,0,0
214045890466675,214045991469282,320044090,312125719,0,0
214045991469282,214046093075320,320044090,312125719,0,0
214046093075320,214046195206369,320044090,312125719,0,0
214046195206369,214046297061520,320044092,312125721,2,2
214046297061520,214046399591542,320044126,312125756,34,35
214046399591542,214046502091511,320044126,312125756,0,0
214046502091511,214046604689579,320044126,312125756,0,0
214046604689579,214046707069188,320044126,312125756,0,0
214046707069188,214046809197938,320044133,312125763,7,7
214046809197938,214046911624037,320044133,312125763,0,0
214046911624037,214047014051077,320044312,312125937,179,174
214047014051077,214047116270312,320044517,312126137,205,200
214047116270312,214047218984890,320044517,312126137,0,0
214047218984890,214047321319609,320044539,312126159,22,22
214047321319609,214047423519405,320044772,312126387,233,228
214047423519405,214047525633872,320044772,312126387,0,0
214047525633872,214047627962639,320044772,312126387,0,0
214047627962639,214047730088567,320044772,312126387,0,0
214047730088567,214047832213986,320044808,312126422,36,35
214047832213986,214047934391456,320044808,312126422,0,0
214047934391456,214048036552935,320045045,312126654,237,232
214048036552935,214048138367262,320045045,312126654,0,0
214048138367262,214048240812648,320045045,312126654,0,0
214048240812648,214048343098902,320045124,312126732,79,78
214048343098902,214048445507990,320045811,312127406,687,674
214048445507990,214048547686419,320046077,312127637,266,231
214048547686419,214048649042392,320047049,312128131,972,494
214048649042392,214048750389625,320047049,312128131,0,0
214048750389625,214048851589944,320047105,312128131,56,0
214048851589944,214048953797730,320047206,312128223,101,92
214048953797730,214049056133762,320047206,312128223,0,0
214049056133762,214049158481705,320047206,312128223,0,0
214049158481705,214049260772821,320047206,312128223,0,0
214049260772821,214049363059216,320047209,312128225,3,2
214049363059216,214049464948202,320047209,312128225,0,0
214049464948202,214049567022990,320047209,312128225,0,0
214049567022990,214049669874872,320047209,312128225,0,0
214049669874872,214049771966074,320047209,312128225,0,0
214049771966074,214049874586665,320047632,312128639,423,414
214049874586665,214049976443266,320047632,312128639,0,0
214049976443266,214050079615540,320048301,312129258,669,619
214050079615540,214050182063224,320048366,312129320,65,62
214050182063224,214050284504276,320048373,312129327,7,7
214050284504276,214050387694313,320048373,312129327,0,0
214050387694313,214050490200871,320048373,312129327,0,0
214050490200871,214050592255395,320048373,312129327,0,0
214050592255395,214050694471077,320048373,312129327,0,0
214050694471077,214050795485047,320048375,312129329,2,2
214050795485047,214050897781759,320048375,312129329,0,0
214050897781759,214051000184586,320048543,312129490,168,161
214051000184586,214051102912717,320048728,312129671,185,181
214051102912717,214051205212117,320048728,312129671,0,0
214051205212117,214051307334588,320048760,312129704,32,33
214051307334588,214051409771359,320048782,312129725,22,21
214051409771359,214051512187892,320048782,312129725,0,0
214051512187892,214051614564065,320048782,312129725,0,0
214051614564065,214051716870196,320048782,312129725,0,0
214051716870196,214051819444685,320048782,312129725,0,0
214051819444685,214051921754581,320048782,312129725,0,0
214051921754581,214052024082064,320048782,312129725,0,0
214052024082064,214052126466649,320048782,312129725,0,0
214052126466649,214052229109483,320048782,312129725,0,0
214052229109483,214052331481141,320048797,312129735,15,10
214052331481141,214052433714533,320048797,312129735,0,0
214052433714533,214052536373497,320048797,312129735,0,0
214052536373497,214052638713980,320048797,312129735,0,0
214052638713980,214052740709035,320048797,312129735,0,0
214052740709035,214052842059610,320048810,312129748,13,13
214052842059610,214052944504704,320048888,312129823,78,75
214052944504704,214053046645282,320048888,312129823,0,0
214053046645282,214053149026566,320048888,312129823,0,0
214053149026566,214053251044033,320048888,312129823,0,0
214053251044033,214053353066579,320049162,312130084,274,261
214053353066579,214053454654796,320049540,312130452,378,368
214053454654796,214053556581003,320050047,312130945,507,493
214053556581003,214053657448760,320050047,312130945,0,0
214053657448760,214053758510689,320050047,312130945,0,0
214053758510689,214053860710477,320050101,312130975,54,30
214053860710477,214053963169855,320050101,312130975,0,0
214053963169855,214054065672882,320050101,312130975,0,0
214054065672882,214054166989994,320050274,312131143,173,168
214054166989994,214054269272105,320050274,312131143,0,0
214054269272105,214054370256208,320050297,312131150,23,7
214054370256208,214054471814685,320050297,312131150,0,0
214054471814685,214054574117826,320050297,312131150,0,0
214054574117826,214054677080822,320050297,312131150,0,0
214054677080822,214054779918950,320050297,312131150,0,0
214054779918950,214054882341097,320050458,312131305,161,155
214054882341097,214054986326932,320050458,312131305,0,0
214054986326932,214055088905288,320050458,312131305,0,0
214055088905288,214055191474411,320051537,312132254,1079,949
214055191474411,214055294292417,320051539,312132256,2,2
214055294292417,214055396899184,320051539,312132256,0,0
214055396899184,214055499258603,320051539,312132256,0,0
214055499258603,214055601673223,320051711,312132424,172,168
214055601673223,214055703694995,320051711,312132424,0,0
214055703694995,214055806087577,320051713,312132425,2,1
214055806087577,214055908552053,320051713,312132425,0,0
214055908552053,214056010347337,320051759,312132469,46,44
214056010347337,214056111370385,320051759,312132469,0,0
214056111370385,214056213661200,320051759,312132469,0,0
214056213661200,214056316083589,320051762,312132472,3,3
214056316083589,214056418430079,320051781,312132491,19,19
214056418430079,214056521068376,320051834,312132541,53,50
214056521068376,214056623644908,320051892,312132596,58,55
214056623644908,214056726161882,320051892,312132596,0,0
214056726161882,214056829278016,320051960,312132654,68,58
214056829278016,214056931806802,320051960,312132654,0,0
214056931806802,214057035180652,320051960,312132654,0,0
214057035180652,214057138162363,320051960,312132654,0,0
214057138162363,214057240928258,320051960,312132654,0,0
214057240928258,214057344112410,320052060,312132751,100,97
214057344112410,214057444977761,320052083,312132773,23,22
214057444977761,214057547031508,320052083,312132773,0,0
214057547031508,214057649032268,320052083,312132773,0,0
214057649032268,214057750095549,320052083,312132773,0,0
214057750095549,214057852513992,320052086,312132775,3,2
214057852513992,214057955071230,320052086,312132775,0,0
214057955071230,214058057406425,320052086,312132775,0,0
214058057406425,214058159475918,320052086,312132775,0,0
214058159475918,214058261779446,320052086,312132775,0,0
214058261779446,214058363900121,320052088,312132778,2,3
214058363900121,214058465843829,320052122,312132809,34,31
214058465843829,214058566810636,320052122,312132809,0,0
214058566810636,214058668968464,320052122,312132809,0,0
214058668968464,214058771206948,320052137,312132824,15,15
214058771206948,214058873859659,320052152,312132839,15,15
214058873859659,214058976336340,320052152,312132839,0,0
214058976336340,214059078753868,320052276,312132959,124,120
214059078753868,214059180929516,320052289,312132971,13,12
214059180929516,214059283390421,320052290,312132972,1,1
214059283390421,214059385367422,320052381,312133061,91,89
214059385367422,214059488424117,320052381,312133061,0,0
214059488424117,214059590964164,320052381,312133061,0,0
214059590964164,214059693464964,320052381,312133061,0,0
214059693464964,214059796405632,320052400,312133073,19,12
214059796405632,214059899067455,320052706,312133358,306,285
214059899067455,214060001458886,320052706,312133358,0,0
214060001458886,214060104348225,320052706,312133358,0,0
214060104348225,214060206852296,320052706,312133358,0,0
214060206852296,214060309190283,320052728,312133379,22,21
214060309190283,214060411973172,320052728,312133379,0,0
214060411973172,214060514185885,320052728,312133379,0,0
214060514185885,214060616481149,320052728,312133379,0,0
214060616481149,214060718843726,320052728,312133379,0,0
214060718843726,214060821071072,320052928,312133573,200,194
214060821071072,214060923507945,320052928,312133573,0,0
214060923507945,214061025378373,320052928,312133573,0,0
214061025378373,214061127402158,320052928,312133573,0,0
214061127402158,214061229481770,320052928,312133573,0,0
214061229481770,214061332078017,320053379,312134004,451,431
214061332078017,214061434916501,320053385,312134009,6,5
214061434916501,214061537746891,320053385,312134009,0,0
214061537746891,214061640661076,320053385,312134009,0,0
214061640661076,214061743114377,320053385,312134009,0,0
214061743114377,214061846106105,320053410,312134034,25,25
214061846106105,214061948556973,320053410,312134034,0,0
214061948556973,214062050629112,320053436,312134058,26,24
214062050629112,214062152871472,320053445,312134068,9,10
214062152871472,214062255329144,320053445,312134068,0,0
214062255329144,214062357852996,320053453,312134071,8,3
214062357852996,214062460087470,320054000,312134596,547,525
214062460087470,214062561306758,320054168,312134748,168,152
214062561306758,214062663061695,320054620,312135188,452,440
214062663061695,214062764372766,320054649,312135211,29,23
214062764372766,214062866694334,320054719,312135247,70,36
214062866694334,214062969232806,320054719,312135247,0,0
214062969232806,214063071464602,320054751,312135277,32,30
214063071464602,214063174958833,320054751,312135277,0,0
214063174958833,214063277823475,320054751,312135277,0,0
214063277823475,214063380591168,320054754,312135279,3,2
214063380591168,214063483175449,320054914,312135430,160,151
214063483175449,214063585602755,320054914,312135430,0,0
214063585602755,214063687845296,320054914,312135430,0,0
214063687845296,214063789937445,320054919,312135435,5,5
214063789937445,214063892050227,320054919,312135435,0,0
214063892050227,214063994404727,320054919,312135435,0,0
214063994404727,214064095400563,320054919,312135435,0,0
214064095400563,214064197852106,320054919,312135435,0,0
214064197852106,214064300464091,320054920,312135436,1,1
214064300464091,214064402867534,320054941,312135450,21,14
214064402867534,214064506399330,320054941,312135450,0,0
214064506399330,214064609036993,320054941,312135450,0,0
214064609036993,214064712030886,320055034,312135542,93,92
214064712030886,214064814493838,320055528,312135986,494,444
214064814493838,214064916999525,320055709,312136158,181,172
214064916999525,214065019605005,320055807,312136251,98,93
214065019605005,214065120902257,320055843,312136287,36,36
214065120902257,214065223305395,320055857,312136299,14,12
214065223305395,214065325714456,320055903,312136339,46,40
214065325714456,214065427729272,320056153,312136588,250,249
214065427729272,214065529954062,320056186,312136609,33,21
214065529954062,214065631250921,320056186,312136609,0,0
214065631250921,214065733756831,320056186,312136609,0,0
214065733756831,214065837420764,320056521,312136911,335,302
214065837420764,214065940107048,320056529,312136918,8,7
214065940107048,214066042543216,320056529,312136918,0,0
214066042543216,214066144837650,320056529,312136918,0,0
214066144837650,214066247276416,320056529,312136918,0,0
214066247276416,214066348733748,320056529,312136918,0,0
214066348733748,214066451115155,320056598,312136985,69,67
214066451115155,214066553533033,320056598,312136985,0,0
214066553533033,214066655779979,320056598,312136985,0,0
214066655779979,214066757845187,320056598,312136985,0,0
214066757845187,214066859784071,320056598,312136985,0,0
214066859784071,214066962221486,320056724,312137104,126,119
214066962221486,214067064926035,320056724,312137104,0,0
214067064926035,214067167383082,320056757,312137135,33,31
214067167383082,214067268469131,320057149,312137519,392,384
214067268469131,214067369635057,320057741,312138096,592,577
214067369635057,214067471800540,320057799,312138139,58,43
214067471800540,214067574229515,320057799,312138139,0,0
214067574229515,214067676854740,320057799,312138139,0,0
214067676854740,214067779810014,320057799,312138139,0,0
214067779810014,214067882339719,320057805,312138145,6,6
214067882339719,214067984977907,320057805,312138145,0,0
214067984977907,214068087428178,320057805,312138145,0,0
214068087428178,214068189681718,320057805,312138145,0,0
214068189681718,214068292103641,320057805,312138145,0,0
214068292103641,214068394169345,320057807,312138146,2,1
214068394169345,214068496574800,320057807,312138146,0,0
214068496574800,214068598951537,320057807,312138146,0,0
214068598951537,214068700873074,320057807,312138146,0,0
214068700873074,214068803201891,320058096,312138427,289,281
214068803201891,214068904336281,320058105,312138436,9,9
214068904336281,214069006706637,320058105,312138436,0,0
214069006706637,214069108520296,320058105,312138436,0,0
214069108520296,214069210808131,320058105,312138436,0,0
214069210808131,214069312733943,320058105,312138436,0,0
214069312733943,214069414934894,320058115,312138445,10,9
214069414934894,214069517613932,320058147,312138471,32,26
214069517613932,214069620991906,320058147,312138471,0,0
214069620991906,214069723508502,320058147,312138471,0,0
214069723508502,214069825951080,320058147,312138471,0,0
214069825951080,214069929064459,320058151,312138471,4,0
214069929064459,214070031578989,320058151,312138471,0,0
214070031578989,214070133963801,320058196,312138515,45,44
214070133963801,214070236515859,320058224,312138541,28,26
214070236515859,214070339037768,320058224,312138541,0,0
214070339037768,214070441169113,320058235,312138552,11,11
214070441169113,214070543378054,320058892,312139130,657,578
214070543378054,214070645547642,320058892,312139130,0,0
214070645547642,214070746870549,320058892,312139130,0,0
214070746870549,214070849308086,320058892,312139130,0,0
214070849308086,214070951775075,320058893,312139131,1,1
214070951775075,214071054047492,320059216,312139445,323,314
214071054047492,214071156068727,320059216,312139445,0,0
214071156068727,214071258488287,320059292,312139518,76,73
214071258488287,214071360785417,320059292,312139518,0,0
214071360785417,214071461699933,320059322,312139548,30,30
214071461699933,214071563435871,320059325,312139551,3,3
214071563435871,214071666056408,320059325,312139551,0,0
214071666056408,214071768477920,320059566,312139781,241,230
214071768477920,214071871607107,320059566,312139781,0,0
214071871607107,214071974251662,320059585,312139801,19,20
214071974251662,214072076815427,320059632,312139847,47,46
214072076815427,214072179300627,320060063,312140152,431,305
214072179300627,214072281846760,320060063,312140152,0,0
214072281846760,214072384387371,320060083,312140166,20,14
214072384387371,214072487287015,320060289,312140364,206,198
214072487287015,214072589638155,320060289,312140364,0,0
214072589638155,214072691765125,320060289,312140364,0,0
214072691765125,214072794070832,320060289,312140364,0,0
214072794070832,214072896471999,320060293,312140368,4,4
214072896471999,214072998289725,320060385,312140458,92,90
214072998289725,214073099451507,320060385,312140458,0,0
214073099451507,214073201822953,320060385,312140458,0,0
214073201822953,214073304103058,320060553,312140619,168,161
214073304103058,214073406565824,320060571,312140637,18,18
214073406565824,214073508994900,320060571,312140637,0,0
214073508994900,214073611062356,320060698,312140758,127,121
214073611062356,214073713508755,320060698,312140758,0,0
214073713508755,214073815899537,320060698,312140758,0,0
214073815899537,214073916898585,320060713,312140773,15,15
214073916898585,214074017999143,320060713,312140773,0,0
214074017999143,214074119912027,320060713,312140773,0,0
214074119912027,214074222318243,320060713,312140773,0,0
214074222318243,214074324482269,320060713,312140773,0,0
214074324482269,214074426897914,320060908,312140963,195,190
214074426897914,214074530090978,320060926,312140981,18,18
214074530090978,214074632726495,320061070,312141119,144,138
214074632726495,214074735239416,320061070,312141119,0,0
214074735239416,214074838151229,320061070,312141119,0,0
214074838151229,214074941521802,320061143,312141168,73,49
214074941521802,214075043916932,320061208,312141222,65,54
214075043916932,214075146640484,320061208,312141222,0,0
214075146640484,214075247780269,320061208,312141222,0,0
214075247780269,214075350075689,320061208,312141222,0,0
214075350075689,214075452548599,320061255,312141267,47,45
214075452548599,214075553578209,320061325,312141335,70,68
214075553578209,214075655753169,320061325,312141335,0,0
214075655753169,214075756800399,320061325,312141335,0,0
214075756800399,214075858862353,320061325,312141335,0,0
214075858862353,214075961102182,320061328,312141338,3,3
214075961102182,214076063364591,320061763,312141760,435,422
214076063364591,214076165794936,320062943,312142911,1180,1151
214076165794936,214076268207862,320062972,312142940,29,29
214076268207862,214076370567742,320062972,312142940,0,0
214076370567742,214076471647592,320063012,312142978,40,38
214076471647592,214076574403660,320063012,312142978,0,0
214076574403660,214076676930442,320063012,312142978,0,0
214076676930442,214076777950208,320063012,312142978,0,0
214076777950208,214076881301869,320063020,312142985,8,7
214076881301869,214076983843832,320063050,312143015,30,30
214076983843832,214077086751615,320063050,312143015,0,0
214077086751615,214077188365533,320063050,312143015,0,0
214077188365533,214077290595872,320063050,312143015,0,0
214077290595872,214077393018929,320063092,312143057,42,42
214077393018929,214077495647025,320063092,312143057,0,0
214077495647025,214077597782233,320063092,312143057,0,0
214077597782233,214077700105641,320063092,312143057,0,0
214077700105641,214077802490301,320063092,312143057,0,0
214077802490301,214077903640994,320063100,312143064,8,7
214077903640994,214078006125803,320063155,312143116,55,52
214078006125803,214078108782093,320063941,312143494,786,378
214078108782093,214078211065360,320063941,312143494,0,0
214078211065360,214078313435533,320064078,312143627,137,133
214078313435533,214078415822640,320064254,312143799,176,172
214078415822640,214078518029940,320064254,312143799,0,0
214078518029940,214078619181510,320064254,312143799,0,0
214078619181510,214078721533977,320064254,312143799,0,0
214078721533977,214078823919646,320064254,312143799,0,0
214078823919646,214078926390694,320064257,312143802,3,3
214078926390694,214079028953712,320064257,312143802,0,0
214079028953712,214079130832246,320064257,312143802,0,0
214079130832246,214079232876084,320064329,312143873,72,71
214079232876084,214079333925714,320064497,312144035,168,162
214079333925714,214079436360752,320064525,312144062,28,27
214079436360752,214079539032130,320064545,312144077,20,15
214079539032130,214079641555060,320064545,312144077,0,0
214079641555060,214079743848698,320064545,312144077,0,0
214079743848698,214079846439106,320064545,312144077,0,0
214079846439106,214079948406595,320064577,312144102,32,25
214079948406595,214080050829566,320064577,312144102,0,0
214080050829566,214080154103284,320064577,312144102,0,0
214080154103284,214080256664101,320064577,312144102,0,0
214080256664101,214080358602602,320064577,312144102,0,0
214080358602602,214080462424253,320064652,312144166,75,64
214080462424253,214080564952685,320064652,312144166,0,0
214080564952685,214080666961934,320064652,312144166,0,0
214080666961934,214080769864540,320064652,312144166,0,0
214080769864540,214080872250511,320064760,312144270,108,104
214080872250511,214080974997644,320064910,312144415,150,145
214080974997644,214081077586768,320064910,312144415,0,0
214081077586768,214081180063391,320064944,312144449,34,34
214081180063391,214081282736222,320064944,312144449,0,0
214081282736222,214081385390916,320064950,312144454,6,5
214081385390916,214081488360535,320064977,312144480,27,26
214081488360535,214081591960970,320064977,312144480,0,0
214081591960970,214081694450041,320065093,312144590,116,110
214081694450041,214081797900040,320065093,312144590,0,0
214081797900040,214081901047637,320065137,312144598,44,8
214081901047637,214082003667005,320065137,312144598,0,0
214082003667005,214082106260646,320065137,312144598,0,0
214082106260646,214082208736193,320065137,312144598,0,0
214082208736193,214082311372582,320065266,312144723,129,125
214082311372582,214082415055124,320065272,312144729,6,6
214082415055124,214082517403175,320065272,312144729,0,0
214082517403175,214082619738180,320065272,312144729,0,0
214082619738180,214082722072799,320065272,312144729,0,0
214082722072799,214082824484906,320065272,312144729,0,0
214082824484906,214082926609962,320065277,312144731,5,2
214082926609962,214083029057829,320065277,312144731,0,0
214083029057829,214083131590613,320065277,312144731,0,0
214083131590613,214083234054953,320065277,312144731,0,0
214083234054953,214083336052204,320065277,312144731,0,0
214083336052204,214083438445696,320065278,312144732,1,1
214083438445696,214083540191724,320065278,312144732,0,0
214083540191724,214083642263108,320065342,312144793,64,61
214083642263108,214083743251178,320065342,312144793,0,0
214083743251178,214083845546485,320065342,312144793,0,0
214083845546485,214083947931900,320065452,312144899,110,106
214083947931900,214084049879198,320066069,312145496,617,597
214084049879198,214084152287079,320066511,312145911,442,415
214084152287079,214084254739818,320066511,312145911,0,0
214084254739818,214084357142135,320066511,312145911,0,0
214084357142135,214084458236246,320066523,312145924,12,13
214084458236246,214084559304426,320066527,312145927,4,3
214084559304426,214084661942212,320066527,312145927,0,0
214084661942212,214084765062810,320066527,312145927,0,0
214084765062810,214084867540063,320066590,312145988,63,61
214084867540063,214084970076825,320066591,312145989,1,1
214084970076825,214085072376454,320066592,312145990,1,1
214085072376454,214085175162277,320066593,312145991,1,1
214085175162277,214085277623336,320066593,312145991,0,0
214085277623336,214085380575524,320066666,312146061,73,70
214085380575524,214085483112194,320066684,312146079,18,18
214085483112194,214085585559241,320066903,312146290,219,211
214085585559241,214085687593223,320066903,312146290,0,0
214085687593223,214085789602887,320066903,312146290,0,0
214085789602887,214085891970357,320066936,312146321,33,31
214085891970357,214085994434868,320067636,312147004,700,683
214085994434868,214086096765203,320067636,312147004,0,0
214086096765203,214086198770987,320067636,312147004,0,0
214086198770987,214086301121093,320067636,312147004,0,0
214086301121093,214086403886100,320067649,312147007,13,3
214086403886100,214086507232259,320067662,312147020,13,13
214086507232259,214086609933000,320067662,312147020,0,0
214086609933000,214086712816086,320067662,312147020,0,0
214086712816086,214086815459487,320067662,312147020,0,0
214086815459487,214086918697202,320067732,312147087,70,67
214086918697202,214087019997826,320067732,312147087,0,0
214087019997826,214087122487746,320075110,312154367,7378,7280
214087122487746,214087225059804,320084716,312163820,9606,9453
214087225059804,214087327687742,320085545,312164614,829,794
214087327687742,214087430863657,320085552,312164620,7,6
214087430863657,214087532836594,320085552,312164620,0,0
214087532836594,214087635209122,320085552,312164620,0,0
214087635209122,214087737651398,320085552,312164620,0,0
214087737651398,214087840070196,320085552,312164620,0,0
214087840070196,214087942078007,320085563,312164631,11,11
214087942078007,214088044490937,320085568,312164635,5,4
214088044490937,214088146881387,320085568,312164635,0,0
214088146881387,214088249036777,320085568,312164635,0,0
214088249036777,214088351228441,320085568,312164635,0,0
214088351228441,214088452520297,320086153,312165204,585,569
214088452520297,214088554560158,320086219,312165265,66,61
214088554560158,214088656420432,320086528,312165564,309,299
214088656420432,214088758287431,320086719,312165747,191,183
214088758287431,214088860684397,320086842,312165867,123,120
214088860684397,214088961898155,320086860,312165885,18,18
214088961898155,214089064404208,320086860,312165885,0,0
214089064404208,214089166851079,320087580,312166517,720,632
214089166851079,214089269144828,320087580,312166517,0,0
214089269144828,214089371534004,320087581,312166517,1,0
214089371534004,214089473759298,320087712,312166645,131,128
214089473759298,214089576105973,320087712,312166645,0,0
214089576105973,214089678762892,320087712,312166645,0,0
214089678762892,214089781543521,320087847,312166776,135,131
214089781543521,214089884203935,320087847,312166776,0,0
214089884203935,214089986946509,320087847,312166776,0,0
214089986946509,214090089753130,320087847,312166776,0,0
214090089753130,214090190827628,320087847,312166776,0,0
214090190827628,214090293351899,320087847,312166776,0,0
214090293351899,214090396623670,320087849,312166778,2,2
214090396623670,214090499140412,320087849,312166778,0,0
214090499140412,214090601843110,320087849,312166778,0,0
214090601843110,214090704918584,320087849,312166778,0,0
214090704918584,214090807134091,320087970,312166894,121,116
214090807134091,214090908059398,320087982,312166906,12,12
214090908059398,214091009131364,320087982,312166906,0,0
214091009131364,214091110796502,320087982,312166906,0,0
214091110796502,214091213690788,320087982,312166906,0,0
214091213690788,214091315960130,320087982,312166906,0,0
214091315960130,214091418199950,320087996,312166917,14,11
214091418199950,214091521276029,320088136,312167044,140,127
214091521276029,214091623832658,320088136,312167044,0,0
214091623832658,214091726974114,320088136,312167044,0,0
214091726974114,214091828748908,320088136,312167044,0,0
214091828748908,214091930598229,320088207,312167110,71,66
214091930598229,214092033346430,320088207,312167110,0,0
214092033346430,214092136026196,320088404,312167302,197,192
214092136026196,214092238525679,320090328,312169180,1924,1878
214092238525679,214092341121056,320090655,312169497,327,317
214092341121056,214092443788062,320090678,312169516,23,19
214092443788062,214092546186975,320090842,312169672,164,156
214092546186975,214092647711391,320090842,312169672,0,0
214092647711391,214092750341015,320090851,312169680,9,8
214092750341015,214092853083536,320090851,312169680,0,0
214092853083536,214092955446874,320090860,312169682,9,2
214092955446874,214093057849611,320090860,312169682,0,0
214093057849611,214093160431315,320090860,312169682,0,0
214093160431315,214093262821994,320090860,312169682,0,0
214093262821994,214093364996745,320090860,312169682,0,0
214093364996745,214093467321485,320091108,312169918,248,236
214093467321485,214093569825180,320091231,312170039,123,121
214093569825180,214093672079812,320091231,312170039,0,0
214093672079812,214093774958550,320091231,312170039,0,0
214093774958550,214093876026934,320091245,312170053,14,14
214093876026934,214093978567337,320091598,312170397,353,344
214093978567337,214094081340733,320091598,312170397,0,0
214094081340733,214094184262541,320091598,312170397,0,0
214094184262541,214094286659099,320091851,312170640,253,243
214094286659099,214094388044160,320091852,312170641,1,1
214094388044160,214094490286781,320091886,312170675,34,34
214094490286781,214094593035465,320091886,312170675,0,0
214094593035465,214094695640106,320091886,312170675,0,0
214094695640106,214094798665375,320092006,312170791,120,116
214094798665375,214094901241360,320092915,312171684,909,893
214094901241360,214095004067110,320092915,312171684,0,0
214095004067110,214095107233409,320092915,312171684,0,0
214095107233409,214095209730837,320092915,312171684,0,0
214095209730837,214095312312652,320092915,312171684,0,0
214095312312652,214095414377983,320092925,312171695,10,11
214095414377983,214095517293486,320093030,312171796,105,101
214095517293486,214095619708144,320093030,312171796,0,0
214095619708144,214095721743657,320093030,312171796,0,0
214095721743657,214095824652740,320093030,312171796,0,0
214095824652740,214095927062708,320093058,312171824,28,28
214095927062708,214096029683899,320093058,312171824,0,0
214096029683899,214096131833754,320093058,312171824,0,0
214096131833754,214096234284827,320093058,312171824,0,0
214096234284827,214096336651893,320093058,312171824,0,0
214096336651893,214096439108053,320093104,312171861,46,37
214096439108053,214096541933392,320093104,312171861,0,0
214096541933392,214096644541112,320093104,312171861,0,0
214096644541112,214096747670536,320093104,312171861,0,0
214096747670536,214096850404330,320093104,312171861,0,0
214096850404330,214096953895638,320093133,312171871,29,10
214096953895638,214097056505166,320093133,312171871,0,0
214097056505166,214097158901453,320093162,312171899,29,28
214097158901453,214097261685475,320093162,312171899,0,0
214097261685475,214097363962612,320093162,312171899,0,0
214097363962612,214097466425557,320093164,312171902,2,3
214097466425557,214097568668083,320093321,312172055,157,153
214097568668083,214097671071450,320093321,312172055,0,0
214097671071450,214097773511120,320093321,312172055,0,0
214097773511120,214097875702024,320093321,312172055,0,0
214097875702024,214097977906087,320093950,312172669,629,614
214097977906087,214098079831694,320093950,312172669,0,0
214098079831694,214098182074198,320093950,312172669,0,0
214098182074198,214098284315393,320093950,312172669,0,0
214098284315393,214098386464285,320093952,312172671,2,2
214098386464285,214098488856045,320093952,312172671,0,0
214098488856045,214098590234247,320093952,312172671,0,0
214098590234247,214098692709972,320094015,312172731,63,60
214098692709972,214098795106805,320094070,312172783,55,52
214098795106805,214098897288701,320094073,312172785,3,2
214098897288701,214098999226750,320094073,312172785,0,0
214098999226750,214099101237984,320094073,312172785,0,0
214099101237984,214099203373593,320094073,312172785,0,0
214099203373593,214099305820575,320094793,312173488,720,703
214099305820575,214099408284626,320094794,312173489,1,1
214099408284626,214099510668031,320094808,312173503,14,14
214099510668031,214099613863732,320095275,312173950,467,447
214099613863732,214099716620555,320095275,312173950,0,0
214099716620555,214099819287002,320095275,312173950,0,0
214099819287002,214099922304592,320095277,312173952,2,2
214099922304592,214100025417220,320095277,312173952,0,0
214100025417220,214100127920655,320095277,312173952,0,0
214100127920655,214100230857599,320095277,312173952,0,0
214100230857599,214100333284016,320095277,312173952,0,0
214100333284016,214100435822777,320095298,312173967,21,15
214100435822777,214100538310312,320095298,312173967,0,0
214100538310312,214100640718010,320095298,312173967,0,0
214100640718010,214100742972694,320095298,312173967,0,0
214100742972694,214100845426082,320095298,312173967,0,0
214100845426082,214100947892344,320095317,312173968,19,1
214100947892344,214101050483643,320095317,312173968,0,0
214101050483643,214101152993465,320095317,312173968,0,0
214101152993465,214101255765996,320095557,312174183,240,215
214101255765996,214101357763638,320095557,312174183,0,0
214101357763638,214101460313817,320095618,312174241,61,58
214101460313817,214101562063140,320095643,312174247,25,6
214101562063140,214101664681257,320095643,312174247,0,0
214101664681257,214101767071039,320095643,312174247,0,0
214101767071039,214101869984283,320095643,312174247,0,0
214101869984283,214101972682717,320095741,312174308,98,61
214101972682717,214102075035549,320095862,312174412,121,104
214102075035549,214102182235242,320095989,312174533,127,121
214102182235242,214102285240267,320096155,312174693,166,160
214102285240267,214102387575896,320096163,312174701,8,8
214102387575896,214102490364980,320096163,312174701,0,0
214102490364980,214102592881122,320096163,312174701,0,0
214102592881122,214102693970142,320096163,312174701,0,0
214102693970142,214102796492024,320096163,312174701,0,0
214102796492024,214102898844990,320096171,312174709,8,8
214102898844990,214103001387376,320097503,312176008,1332,1299
214103001387376,214103103449032,320099153,312177620,1650,1612
214103103449032,214103205877797,320099185,312177651,32,31
214103205877797,214103308255410,320099185,312177651,0,0
214103308255410,214103410079615,320099185,312177651,0,0
214103410079615,214103512393433,320099248,312177712,63,61
214103512393433,214103614757424,320099248,312177712,0,0
214103614757424,214103716586428,320099248,312177712,0,0
214103716586428,214103818934330,320099248,312177712,0,0
214103818934330,214103920051364,320099253,312177718,5,6
214103920051364,214104022279015,320099253,312177718,0,0
214104022279015,214104124687291,320099253,312177718,0,0
214104124687291,214104227140185,320099253,312177718,0,0
214104227140185,214104329354531,320099722,312178083,469,365
214104329354531,214104431751547,320099744,312178106,22,23
214104431751547,214104534122469,320099762,312178124,18,18
214104534122469,214104636025045,320099762,312178124,0,0
214104636025045,214104739318777,320099762,312178124,0,0
214104739318777,214104841712424,320099762,312178124,0,0
214104841712424,214104944358957,320099776,312178134,14,10
214104944358957,214105047252048,320099776,312178134,0,0
214105047252048,214105149780803,320099776,312178134,0,0
214105149780803,214105253064674,320099776,312178134,0,0
214105253064674,214105361277712,320099776,312178134,0,0
214105361277712,214105463954499,320099776,312178134,0,0
214105463954499,214105566107484,320099776,312178134,0,0
214105566107484,214105668585184,320099776,312178134,0,0
214105668585184,214105771024305,320099776,312178134,0,0
214105771024305,214105873055663,320099862,312178134,86,0
214105873055663,214105984389364,320099879,312178134,17,0
214105984389364,214106086787667,320100178,312178421,299,287
214106086787667,214106189212094,320100178,312178421,0,0
214106189212094,214106291577142,320100178,312178421,0,0
214106291577142,214106394053281,320100181,312178424,3,3
214106394053281,214106496687113,320100189,312178432,8,8
214106496687113,214106599411445,320100189,312178432,0,0
214106599411445,214106700759652,320100376,312178614,187,182
214106700759652,214106803380944,320100376,312178614,0,0
214106803380944,214106906475385,320100390,312178628,14,14
214106906475385,214107009753905,320100530,312178765,140,137
214107009753905,214107112327373,320100530,312178765,0,0
214107112327373,214107215464433,320100530,312178765,0,0
214107215464433,214107318083331,320100772,312179000,242,235
214107318083331,214107420618870,320100806,312179034,34,34
214107420618870,214107523417511,320100806,312179034,0,0
214107523417511,214107625798798,320100806,312179034,0,0
214107625798798,214107728068569,320100806,312179034,0,0
214107728068569,214107829515635,320100806,312179034,0,0
214107829515635,214107931660315,320100812,312179040,6,6
214107931660315,214108034430856,320100812,312179040,0,0
214108034430856,214108136686594,320100812,312179040,0,0
214108136686594,214108238924040,320100812,312179040,0,0
214108238924040,214108341243981,320100812,312179040,0,0
214108341243981,214108443655723,320100816,312179044,4,4
214108443655723,214108545958777,320100816,312179044,0,0
214108545958777,214108648398349,320100985,312179206,169,162
214108648398349,214108750767398,320100985,312179206,0,0
214108750767398,214108852948924,320102095,312180253,1110,1047
214108852948924,214108953970903,320102229,312180383,134,130
214108953970903,214109056362200,320102229,312180383,0,0
214109056362200,214109158775237,320102229,312180383,0,0
214109158775237,214109260964211,320102229,312180383,0,0
214109260964211,214109363116312,320102229,312180383,0,0
214109363116312,214109465424166,320102500,312180647,271,264
214109465424166,214109567971679,320102500,312180647,0,0
214109567971679,214109670438398,320102500,312180647,0,0
214109670438398,214109773513312,320102500,312180647,0,0
214109773513312,214109876195746,320102500,312180647,0,0
214109876195746,214109978662673,320102527,312180675,27,28
214109978662673,214110080984307,320103075,312181181,548,506
214110080984307,214110183044663,320103075,312181181,0,0
214110183044663,214110285232890,320103218,312181320,143,139
214110285232890,214110387904832,320103277,312181377,59,57
214110387904832,214110490685380,320103277,312181377,0,0
214110490685380,214110593310523,320103297,312181395,20,18
214110593310523,214110695486296,320103297,312181395,0,0
214110695486296,214110797595739,320103619,312181713,322,318
214110797595739,214110899805149,320103623,312181716,4,3
214110899805149,214111002326364,320104096,312182150,473,434
214111002326364,214111104785454,320104096,312182150,0,0
214111104785454,214111207091946,320104096,312182150,0,0
214111207091946,214111309191989,320104096,312182150,0,0
214111309191989,214111411533894,320104098,312182152,2,2
214111411533894,214111513918493,320104171,312182220,73,68
214111513918493,214111616423111,320104171,312182220,0,0
214111616423111,214111718989720,320104171,312182220,0,0
214111718989720,214111821520980,320104171,312182220,0,0
214111821520980,214111924837157,320104175,312182223,4,3
214111924837157,214112027110109,320104175,312182223,0,0
214112027110109,214112129682973,320104175,312182223,0,0
214112129682973,214112232227369,320104224,312182270,49,47
214112232227369,214112334823966,320104243,312182289,19,19
214112334823966,214112437509210,320104255,312182296,12,7
214112437509210,214112539970827,320104331,312182368,76,72
214112539970827,214112642265716,320104331,312182368,0,0
214112642265716,214112744627773,320104331,312182368,0,0
214112744627773,214112845716601,320104559,312182590,228,222
214112845716601,214112948070003,320106502,312184494,1943,1904
214112948070003,214113048771536,320108049,312186000,1547,1506
214113048771536,214113150028891,320110037,312187958,1988,1958
214113150028891,214113251555515,320111221,312189122,1184,1164
214113251555515,214113353682918,320112157,312190039,936,917
214113353682918,214113456037013,320113127,312190989,970,950
214113456037013,214113558193917,320113303,312191159,176,170
214113558193917,214113659150037,320113383,312191235,80,76
214113659150037,214113761386345,320113383,312191235,0,0
214113761386345,214113863377736,320113383,312191235,0,0
214113863377736,214113965634272,320113391,312191237,8,2
214113965634272,214114067875897,320113391,312191237,0,0
214114067875897,214114170278886,320113391,312191237,0,0
214114170278886,214114272055095,320113391,312191237,0,0
214114272055095,214114374062227,320113391,312191237,0,0
214114374062227,214114476240880,320113433,312191278,42,41
214114476240880,214114578744210,320113433,312191278,0,0
214114578744210,214114681279691,320113444,312191288,11,10
214114681279691,214114783791841,320113465,312191305,21,17
214114783791841,214114886260177,320113467,312191306,2,1
214114886260177,214114988853491,320113467,312191306,0,0
214114988853491,214115091495236,320113564,312191400,97,94
214115091495236,214115193739156,320113564,312191400,0,0
214115193739156,214115296099370,320113564,312191400,0,0
214115296099370,214115399082285,320113568,312191404,4,4
214115399082285,214115501047710,320113568,312191404,0,0
214115501047710,214115602944942,320113568,312191404,0,0
214115602944942,214115705032587,320113568,312191404,0,0
214115705032587,214115807340436,320114105,312191759,537,355
214115807340436,214115909648136,320114110,312191764,5,5
214115909648136,214116012095082,320114110,312191764,0,0
214116012095082,214116113212722,320114617,312192254,507,490
214116113212722,214116215535013,320114889,312192520,272,266
214116215535013,214116317936981,320114889,312192520,0,0
214116317936981,214116420301718,320114897,312192528,8,8
214116420301718,214116522708970,320114915,312192544,18,16
214116522708970,214116625218592,320115004,312192629,89,85
214116625218592,214116727712271,320115004,312192629,0,0
214116727712271,214116830570560,320115004,312192629,0,0
214116830570560,214116932879231,320115067,312192665,63,36
214116932879231,214117035646859,320115067,312192665,0,0
214117035646859,214117138327718,320115067,312192665,0,0
214117138327718,214117241217540,320115067,312192665,0,0
214117241217540,214117342605573,320115067,312192665,0,0
214117342605573,214117446094842,320115077,312192674,10,9
214117446094842,214117548548105,320115331,312192923,254,249
214117548548105,214117650998290,320115331,312192923,0,0
214117650998290,214117753392245,320115331,312192923,0,0
214117753392245,214117854468433,320115331,312192923,0,0
214117854468433,214117956827145,320115345,312192926,14,3
214117956827145,214118059297387,320115345,312192926,0,0
214118059297387,214118161661173,320115345,312192926,0,0
214118161661173,214118263983209,320115345,312192926,0,0
214118263983209,214118366085174,320115345,312192926,0,0
214118366085174,214118468499683,320115353,312192933,8,7
214118468499683,214118569702019,320115353,312192933,0,0
214118569702019,214118671881385,320115353,312192933,0,0
214118671881385,214118774259024,320115353,312192933,0,0
214118774259024,214118876710850,320115353,312192933,0,0
214118876710850,214118981074123,320115353,312192933,0,0
214118981074123,214119083488634,320115353,312192933,0,0
214119083488634,214119185778406,320115408,312192986,55,53
214119185778406,214119287877015,320115408,312192986,0,0
214119287877015,214119389676857,320115409,312192986,1,0
214119389676857,214119492606165,320115425,312193003,16,17
214119492606165,214119593692240,320115425,312193003,0,0
214119593692240,214119695527921,320115425,312193003,0,0
214119695527921,214119797888657,320115777,312193342,352,339
214119797888657,214119900348393,320117400,312194934,1623,1592
214119900348393,214120002045579,320117492,312195018,92,84
214120002045579,214120103053010,320117492,312195018,0,0
214120103053010,214120204225404,320117492,312195018,0,0
214120204225404,214120306254008,320117870,312195387,378,369
214120306254008,214120408588320,320117870,312195387,0,0
214120408588320,214120511089838,320117870,312195387,0,0
214120511089838,214120613553797,320117870,312195387,0,0
214120613553797,214120715926304,320117870,312195387,0,0
214120715926304,214120818303302,320117966,312195478,96,91
214120818303302,214120920649072,320117986,312195497,20,19
214120920649072,214121023030986,320117986,312195497,0,0
214121023030986,214121125136553,320118935,312196426,949,929
214121125136553,214121227608150,320119631,312197105,696,679
214121227608150,214121329999253,320119879,312197346,248,241
214121329999253,214121431112931,320119904,312197359,25,13
214121431112931,214121533917102,320119941,312197396,37,37
214121533917102,214121636603672,320119941,312197396,0,0
214121636603672,214121739350410,320119941,312197396,0,0
214121739350410,214121840689887,320119941,312197396,0,0
214121840689887,214121942878786,320119998,312197453,57,57
214121942878786,214122045397265,320119998,312197453,0,0
214122045397265,214122147917163,320119998,312197453,0,0
214122147917163,214122249983964,320119998,312197453,0,0
214122249983964,214122352177873,320119998,312197453,0,0
214122352177873,214122454842962,320120002,312197457,4,4
214122454842962,214122557167210,320120163,312197613,161,156
214122557167210,214122658275740,320120163,312197613,0,0
214122658275740,214122760481526,320120163,312197613,0,0
214122760481526,214122862781482,320120163,312197613,0,0
214122862781482,214122965189622,320120275,312197722,112,109
214122965189622,214123067709628,320121855,312199260,1580,1538
214123067709628,214123170051219,320122371,312199761,516,501
214123170051219,214123272120325,320122371,312199761,0,0
214123272120325,214123374095760,320122371,312199761,0,0
214123374095760,214123477381388,320122371,312199761,0,0
214123477381388,214123579489779,320122371,312199761,0,0
214123579489779,214123681956912,320122371,312199761,0,0
214123681956912,214123784386133,320122405,312199794,34,33
214123784386133,214123886730226,320122696,312200077,291,283
214123886730226,214123989253871,320122696,312200077,0,0
214123989253871,214124091658420,320122696,312200077,0,0
214124091658420,214124193822807,320122696,312200077,0,0
214124193822807,214124294806586,320122696,312200077,0,0
214124294806586,214124395909586,320122696,312200077,0,0
214124395909586,214124497864796,320122705,312200086,9,9
214124497864796,214124600306596,320122705,312200086,0,0
214124600306596,214124702465604,320122705,312200086,0,0
214124702465604,214124804892336,320122874,312200250,169,164
214124804892336,214124905841288,320122918,312200293,44,43
214124905841288,214125008471914,320122973,312200345,55,52
214125008471914,214125109955328,320122973,312200345,0,0
214125109955328,214125212395484,320122973,312200345,0,0
214125212395484,214125314796648,320122973,312200345,0,0
214125314796648,214125417246402,320123199,312200566,226,221
214125417246402,214125519814700,320123199,312200566,0,0
214125519814700,214125621086522,320123199,312200566,0,0
214125621086522,214125723278027,320123199,312200566,0,0
214125723278027,214125825684965,320123199,312200566,0,0
214125825684965,214125928132866,320123215,312200582,16,16
214125928132866,214126030537985,320123215,312200582,0,0
214126030537985,214126132697661,320123215,312200582,0,0
214126132697661,214126234876188,320123215,312200582,0,0
214126234876188,214126337336445,320123412,312200775,197,193
214126337336445,214126439650986,320123558,312200918,146,143
214126439650986,214126541863423,320125197,312201905,1639,987
214126541863423,214126644087754,320125197,312201905,0,0
214126644087754,214126746559039,320125197,312201905,0,0
214126746559039,214126849885635,320125197,312201905,0,0
214126849885635,214126952366967,320125227,312201933,30,28
214126952366967,214127054645219,320125227,312201933,0,0
214127054645219,214127157532135,320125430,312202130,203,197
214127157532135,214127260209468,320125430,312202130,0,0
214127260209468,214127362739535,320125432,312202132,2,2
214127362739535,214127465266660,320125436,312202136,4,4
214127465266660,214127567580117,320125436,312202136,0,0
214127567580117,214127669708382,320125436,312202136,0,0
214127669708382,214127771853806,320125436,312202136,0,0
214127771853806,214127874137179,320125447,312202147,11,11
214127874137179,214127976698406,320125447,312202147,0,0
214127976698406,214128079062903,320125447,312202147,0,0
214128079062903,214128181539003,320125447,312202147,0,0
214128181539003,214128282548640,320125447,312202147,0,0
214128282548640,214128384510015,320125454,312202154,7,7
214128384510015,214128487091822,320125454,312202154,0,0
214128487091822,214128589385401,320125454,312202154,0,0
214128589385401,214128691694026,320125454,312202154,0,0
214128691694026,214128794073576,320125454,312202154,0,0
214128794073576,214128896325907,320125459,312202158,5,4
214128896325907,214128998503830,320125459,312202158,0,0
214128998503830,214129100865495,320125714,312202400,255,242
214129100865495,214129203215266,320126163,312202837,449,437
214129203215266,214129305433279,320126163,312202837,0,0
214129305433279,214129407472511,320126163,312202837,0,0
214129407472511,214129510282076,320126218,312202892,55,55
214129510282076,214129612297856,320126218,312202892,0,0
214129612297856,214129714747965,320126218,312202892,0,0
214129714747965,214129817313523,320126218,312202892,0,0
214129817313523,214129919051191,320126223,312202898,5,6
214129919051191,214130021325119,320126223,312202898,0,0
214130021325119,214130123592758,320126223,312202898,0,0
214130123592758,214130224662905,320126223,312202898,0,0
214130224662905,214130325602993,320126223,312202898,0,0
214130325602993,214130427736478,320126226,312202901,3,3
214130427736478,214130530110109,320126362,312203032,136,131
214130530110109,214130632503677,320126673,312203326,311,294
214130632503677,214130733342551,320126730,312203373,57,47
214130733342551,214130835315455,320126730,312203373,0,0
214130835315455,214130937727026,320126757,312203401,27,28
214130937727026,214131039933931,320126757,312203401,0,0
214131039933931,214131142261158,320126757,312203401,0,0
214131142261158,214131244653496,320126757,312203401,0,0
214131244653496,214131347057533,320126757,312203401,0,0
214131347057533,214131449375366,320126845,312203485,88,84
214131449375366,214131551511358,320127115,312203744,270,259
214131551511358,214131654104846,320127115,312203744,0,0
214131654104846,214131756681172,320127115,312203744,0,0
214131756681172,214131859290848,320127853,312204064,738,320
214131859290848,214131961909430,320127885,312204095,32,31
214131961909430,214132064430467,320127885,312204095,0,0
214132064430467,214132167162857,320128364,312204517,479,422
214132167162857,214132269760381,320128414,312204564,50,47
214132269760381,214132372620009,320128545,312204685,131,121
214132372620009,214132475184755,320128548,312204687,3,2
214132475184755,214132577548210,320128548,312204687,0,0
214132577548210,214132680029441,320128548,312204687,0,0
214132680029441,214132782434111,320128679,312204805,131,118
214132782434111,214132884574589,320128680,312204806,1,1
214132884574589,214132986803697,320128680,312204806,0,0
214132986803697,214133089095966,320129052,312205168,372,362
214133089095966,214133190965023,320129102,312205218,50,50
214133190965023,214133291326974,320129102,312205218,0,0
214133291326974,214133391777249,320129144,312205259,42,41
214133391777249,214133492133407,320129144,312205259,0,0
214133492133407,214133592492535,320129144,312205259,0,0
214133592492535,214133692814394,320129144,312205259,0,0
214133692814394,214133793240124,320129144,312205259,0,0
214133793240124,214133893754452,320129147,312205261,3,2
214133893754452,214133994043502,320129147,312205261,0,0
214133994043502,214134094395683,320129147,312205261,0,0
214134094395683,214134195601748,320129147,312205261,0,0
214134195601748,214134296893033,320129147,312205261,0,0
