sample_start_ns,sample_end_ns,device,sectors_read_delta,read_bytes_delta,read_bandwidth_mbs,io_in_progress,avg_queue_depth,weighted_io_ms_delta
213753234858029,213753335300587,sda,0,0,0.000000,0,0.000000,0
213753335300587,213753435680296,sda,0,0,0.000000,0,0.000000,0
213753435680296,213753536062888,sda,0,0,0.000000,0,0.000000,0
213753536062888,213753636423139,sda,0,0,0.000000,0,0.000000,0
213753636423139,213753736794822,sda,0,0,0.000000,0,0.000000,0
213753736794822,213753837174204,sda,0,0,0.000000,0,0.000000,0
213753837174204,213753937527018,sda,0,0,0.000000,0,0.000000,0
213753937527018,213754037954865,sda,0,0,0.000000,0,0.000000,0
213754037954865,213754138359560,sda,504,258048,2.451018,0,0.517904,52
213754138359560,213754238899539,sda,15808,8093696,76.772942,0,17.923218,1802
213754238899539,213754339666233,sda,15976,8179712,77.414282,0,9.616273,969
213754339666233,213754440345369,sda,10928,5595136,52.999437,0,6.287301,633
213754440345369,213754541114552,sda,12032,6160384,58.301554,0,7.125194,718
213754541114552,213754641844248,sda,14040,7188480,68.058070,0,7.624365,768
213754641844248,213754742593958,sda,12200,6246400,59.127031,0,7.067018,712
213754742593958,213754843310208,sda,9104,4661248,44.136994,0,6.036762,608
213754843310208,213754944086584,sda,11544,5910528,55.932938,0,8.047521,811
213754944086584,213755044806098,sda,10088,5165056,48.905928,0,7.555636,761
213755044806098,213755145601640,sda,11736,6008832,56.852403,0,9.256362,933
213755145601640,213755247190592,sda,8888,4550656,42.719643,0,4.665862,474
213755247190592,213755348832227,sda,8864,4538368,42.582206,0,5.853900,595
213755348832227,213755450149659,sda,12328,6311936,59.412592,0,12.041363,1220
213755450149659,213755551356592,sda,13272,6795264,64.031866,0,8.863029,897
213755551356592,213755652450202,sda,13392,6856704,64.683243,0,7.646378,773
213755652450202,213755753727384,sda,12056,6172672,58.124828,0,8.106466,821
213755753727384,213755855060001,sda,12520,6410240,60.328860,0,7.302683,740
213755855060001,213755956083668,sda,15104,7733248,73.002695,0,9.185966,928
213755956083668,213756057194096,sda,15512,7942144,74.910362,0,10.444027,1056
213756057194096,213756158519044,sda,13728,7028736,66.154734,0,7.678267,778
213756158519044,213756259867178,sda,12784,6545408,61.591539,0,9.067755,919
213756259867178,213756360610514,sda,8128,4161536,39.394665,0,4.526354,456
213756360610514,213756461348323,sda,12040,6164480,58.358488,0,7.226681,728
213756461348323,213756562316204,sda,9192,4706304,44.452565,0,6.982418,705
213756562316204,213756663074727,sda,11272,5771264,54.624721,0,6.302196,635
213756663074727,213756763859416,sda,12344,6320128,59.804161,0,8.771174,884
213756763859416,213756864931092,sda,11072,5668864,53.489268,0,7.806341,789
213756864931092,213756965701537,sda,13064,6688768,63.301360,0,8.732719,880
213756965701537,213757066634017,sda,11032,5648384,53.369527,0,5.974291,603
213757066634017,213757167404764,sda,13024,6668288,63.107352,0,7.402942,746
213757167404764,213757268298791,sda,11408,5840896,55.209537,0,7.056909,712
213757268298791,213757369179755,sda,14144,7241728,68.459397,0,7.721972,779
213757369179755,213757470261637,sda,13952,7143424,67.395856,0,7.736302,782
213757470261637,213757570931746,sda,14688,7520256,71.241355,0,8.423553,848
213757570931746,213757671690107,sda,12664,6483968,61.370527,0,7.552723,761
213757671690107,213757772866446,sda,13592,6959104,65.595561,0,7.867452,796
213757772866446,213757874041976,sda,13504,6914048,65.171391,0,7.857631,795
213757874041976,213757975632312,sda,16152,8269824,77.632569,0,9.646587,980
213757975632312,213758076903003,sda,14240,7290880,68.658809,0,7.336772,743
213758076903003,213758177636042,sda,16696,8548352,80.930188,0,9.083415,915
213758177636042,213758278899808,sda,14720,7536640,70.978004,0,7.840909,794
213758278899808,213758380382872,sda,13704,7016448,65.936187,0,7.488934,760
213758380382872,213758481677186,sda,13904,7118848,67.023135,0,8.470367,858
213758481677186,213758582642298,sda,17568,8994816,84.961279,0,11.241507,1135
213758582642298,213758683371702,sda,17112,8761344,82.949649,0,11.535857,1162
213758683371702,213758784801630,sda,14344,7344128,69.051673,0,7.571730,768
213758784801630,213758886049617,sda,13864,7098368,66.860897,0,7.575459,767
213758886049617,213758987424535,sda,15672,8024064,75.485573,0,8.986444,911
213758987424535,213759088445280,sda,18208,9322496,88.007914,0,14.274296,1442
213759088445280,213759189544364,sda,15528,7950336,74.996043,0,8.684550,878
213759189544364,213759290859164,sda,15248,7806976,73.486919,0,8.399563,851
213759290859164,213759392089825,sda,13560,6942720,65.406011,0,7.764446,786
213759392089825,213759492832013,sda,12176,6234112,59.015122,0,8.417526,848
213759492832013,213759593644148,sda,12376,6336512,59.942870,0,8.639833,871
213759593644148,213759694418307,sda,12728,6516736,61.671006,0,7.759926,782
213759694418307,213759795174885,sda,12000,6144000,58.153771,0,7.205485,726
213759795174885,213759895861866,sda,11808,6045696,57.262865,0,6.962171,701
213759895861866,213759996652762,sda,10720,5488640,51.933014,0,7.222875,728
213759996652762,213760097342807,sda,9696,4964352,47.019296,0,6.604426,665
213760097342807,213760198398604,sda,10376,5312512,50.134741,0,6.293553,636
213760198398604,213760300203944,sda,11112,5689344,53.295645,0,7.750085,789
213760300203944,213760401666926,sda,10288,5267456,49.510052,0,6.366854,646
213760401666926,213760503235514,sda,13736,7032832,66.034503,0,8.693633,883
213760503235514,213760604559945,sda,13688,7008256,65.962312,0,8.240856,835
213760604559945,213760705917856,sda,11088,5677056,53.415293,0,6.856890,695
213760705917856,213760807180610,sda,14600,7475200,70.400083,0,8.453256,856
213760807180610,213760908591565,sda,11528,5902336,55.505899,0,7.178712,728
213760908591565,213761009326450,sda,15096,7729152,73.173199,0,9.132884,920
213761009326450,213761110486716,sda,14128,7233536,68.193153,0,8.323426,842
213761110486716,213761211377451,sda,13352,6836224,64.619722,0,9.842331,993
213761211377451,213761312733016,sda,16488,8441856,79.431073,0,9.728129,986
213761312733016,213761413695037,sda,12304,6299648,59.505668,0,7.686059,776
213761413695037,213761514874524,sda,12976,6643712,62.620771,0,7.303852,739
213761514874524,213761615942687,sda,10400,5324800,50.244556,0,5.986059,605
213761615942687,213761716822020,sda,12424,6361088,60.135273,0,6.760552,682
213761716822020,213761817943142,sda,12088,6189056,58.369049,0,8.741992,884
213761817943142,213761919331371,sda,10360,5304320,49.893304,0,6.361685,645
213761919331371,213762020449680,sda,8952,4583424,43.227520,0,6.744575,682
213762020449680,213762121606960,sda,8264,4231168,39.889924,0,6.030214,610
213762121606960,213762223073862,sda,9048,4632576,43.540984,0,6.445452,654
213762223073862,213762324979171,sda,12464,6381568,59.721496,0,8.184068,834
213762324979171,213762426470020,sda,9640,4935680,46.378874,0,6.089219,618
213762426470020,213762527877678,sda,9872,5054464,47.534009,0,7.346585,745
213762527877678,213762629180821,sda,13152,6733824,63.392653,0,10.424158,1056
213762629180821,213762730045695,sda,14272,7307264,69.089959,0,8.506430,858
213762730045695,213762830785800,sda,12800,6553600,62.040833,0,8.020639,808
213762830785800,213762932082606,sda,10448,5349376,50.362521,0,6.288451,637
213762932082606,213763033481146,sda,13912,7122944,66.992767,0,7.869936,798
213763033481146,213763134504949,sda,16560,8478720,80.039924,0,9.680887,978
213763134504949,213763235613202,sda,14208,7274496,68.614577,0,8.120010,821
213763235613202,213763336905359,sda,12808,6557696,61.741268,0,7.266110,736
213763336905359,213763438027413,sda,14176,7258112,68.450696,0,8.514463,861
213763438027413,213763539443181,sda,14344,7344128,69.061315,0,8.292596,841
213763539443181,213763640752824,sda,13304,6811648,64.121179,0,7.442529,754
213763640752824,213763742084264,sda,14200,7270400,68.424901,0,8.289629,840
213763742084264,213763843250088,sda,13432,6877184,64.830132,0,7.838616,793
213763843250088,213763944636757,sda,11464,5869568,55.210969,0,6.766176,686
213763944636757,213764046030854,sda,13608,6967296,65.531737,0,9.754020,989
213764046030854,213764147375693,sda,13952,7143424,67.220986,0,8.712827,883
213764147375693,213764248593027,sda,13504,6914048,65.144474,0,8.822599,893
213764248593027,213764349861847,sda,14488,7417856,69.855843,0,8.215757,832
213764349861847,213764451378391,sda,11136,5701632,53.562698,0,6.412748,651
213764451378391,213764552761604,sda,13368,6844416,64.382885,0,7.229994,733
213764552761604,213764654154074,sda,11616,5947392,55.939805,0,6.302243,639
213764654154074,213764755485584,sda,10976,5619712,52.889521,0,6.819202,691
213764755485584,213764856409046,sda,11200,5734400,54.187103,0,6.579243,664
213764856409046,213764957335225,sda,12104,6197248,58.559199,0,6.836680,690
213764957335225,213765058573838,sda,11824,6053888,57.028019,0,6.618028,670
213765058573838,213765159359429,sda,10720,5488640,51.935747,0,6.776762,683
213765159359429,213765260816902,sda,13248,6782976,63.758241,0,7.244415,735
213765260816902,213765362353076,sda,10088,5165056,48.512575,0,5.643309,573
213765362353076,213765463588558,sda,13416,6868992,64.708352,0,8.722238,883
213765463588558,213765564556089,sda,15432,7901184,74.629499,0,8.864236,895
213765564556089,213765665663020,sda,13816,7073792,66.722367,0,7.942087,803
213765665663020,213765767091311,sda,13576,6950912,65.355594,0,7.108470,721
213765767091311,213765868307739,sda,15408,7888896,74.330202,0,8.783159,889
213765868307739,213765969767251,sda,12608,6455296,60.676913,0,8.032761,815
213765969767251,213766070848413,sda,15952,8167424,77.057508,0,12.455338,1259
213766070848413,213766171916785,sda,14640,7495680,70.728729,0,9.290740,939
213766171916785,213766273241850,sda,11640,5959680,56.092673,0,6.770289,686
213766273241850,213766374367080,sda,13656,6991872,65.937736,0,7.910983,800
213766374367080,213766475791877,sda,12984,6647808,62.507828,0,6.960822,706
213766475791877,213766577248793,sda,11560,5918720,55.634761,0,6.889624,699
213766577248793,213766678595302,sda,11448,5861376,55.155760,0,6.236031,632
213766678595302,213766779843864,sda,11640,5959680,56.135057,0,6.726021,681
213766779843864,213766881289474,sda,8664,4435968,41.701842,0,5.411767,549
213766881289474,213766982777654,sda,13456,6889472,64.739682,0,7.271783,738
213766982777654,213767084177253,sda,13448,6885376,64.757714,0,7.850130,796
213767084177253,213767185587525,sda,11616,5947392,55.929985,0,6.370163,646
213767185587525,213767286925771,sda,12544,6422528,60.441149,0,6.818748,691
213767286925771,213767388250758,sda,10232,5238784,49.307618,0,6.326179,641
213767388250758,213767489447494,sda,14576,7462912,70.330208,0,9.901505,1002
213767489447494,213767590960399,sda,13384,6852608,64.377591,0,7.250310,736
213767590960399,213767692259560,sda,15400,7884800,74.230933,0,8.785858,890
213767692259560,213767793639295,sda,14296,7319552,68.854675,0,7.851668,796
213767793639295,213767894677464,sda,13448,6885376,64.989363,0,7.769341,785
213767894677464,213767995431622,sda,13048,6680576,63.234053,0,8.178323,824
213767995431622,213768096731783,sda,16112,8249344,77.662142,0,8.983204,910
213768096731783,213768198059297,sda,14400,7372800,69.391321,0,8.210998,832
213768198059297,213768299023138,sda,15272,7819264,73.858435,0,8.933891,902
213768299023138,213768400431548,sda,13424,6873088,64.636528,0,7.435281,754
213768400431548,213768501790281,sda,15416,7892992,74.264383,0,8.553777,867
213768501790281,213768602864848,sda,13848,7090176,66.898320,0,7.895161,798
213768602864848,213768703989158,sda,16360,8376320,78.994668,0,9.147158,925
213768703989158,213768805415817,sda,14704,7528448,70.786986,0,8.163534,828
213768805415817,213768906707965,sda,15792,8085504,76.125718,0,8.292844,840
213768906707965,213769007938308,sda,12200,6246400,58.846301,0,7.201398,729
213769007938308,213769109225291,sda,15304,7835648,73.777064,0,8.826406,894
213769109225291,213769210511071,sda,13640,6983680,65.756084,0,7.720728,782
213769210511071,213769311612747,sda,15568,7970816,75.187305,0,8.417269,851
213769311612747,213769412912840,sda,12616,6459392,60.810963,0,7.018750,711
213769412912840,213769514353468,sda,12472,6385664,60.033577,0,6.703429,680
213769514353468,213769615507594,sda,12112,6201344,58.465855,0,6.920133,700
213769615507594,213769717570367,sda,11144,5705728,53.314309,0,6.936907,708
213769717570367,213769818824075,sda,9440,4833280,45.523024,0,6.182490,626
213769818824075,213769920058132,sda,11544,5910528,55.680064,0,9.641024,976
213769920058132,213770021442038,sda,12224,6258688,58.872756,0,7.713256,782
213770021442038,213770122848708,sda,13432,6877184,64.676157,0,7.198738,730
213770122848708,213770224673730,sda,10008,5124096,47.991335,0,5.529093,563
213770224673730,213770326044525,sda,12744,6524928,61.385099,0,6.806694,690
213770326044525,213770426789519,sda,11360,5816320,55.058567,0,6.640528,669
213770426789519,213770527982454,sda,12584,6443008,60.720951,0,7.372056,746
213770527982454,213770629458521,sda,14032,7184384,67.518999,0,8.317232,844
213770629458521,213770730553941,sda,14872,7614464,71.830344,0,9.308038,941
213770730553941,213770831184925,sda,15168,7766016,73.598108,0,9.857799,992
213770831184925,213770932316150,sda,13456,6889472,64.968189,0,8.404921,850
213770932316150,213771033800281,sda,13360,6840320,64.280370,0,8.227887,835
213771033800281,213771135080964,sda,13472,6897664,64.949453,0,7.494025,759
213771135080964,213771235851661,sda,13824,7077888,66.983758,0,8.315910,838
213771235851661,213771337023258,sda,16296,8343552,78.648865,0,10.951690,1108
213771337023258,213771438109869,sda,11904,6094848,57.500197,0,7.280885,736
213771438109869,213771539629249,sda,11048,5656576,53.137945,0,6.964188,707
213771539629249,213771641057308,sda,11592,5935104,55.804639,0,7.029613,713
213771641057308,213771741988564,sda,12096,6193152,58.517552,0,7.579416,765
213771741988564,213771842652032,sda,10424,5337088,50.562968,0,6.447225,649
213771842652032,213771943680680,sda,11632,5955584,56.218584,0,9.076633,917
213771943680680,213772044998458,sda,11720,6000640,56.482252,0,11.843923,1200
213772044998458,213772146357376,sda,8488,4345856,40.889656,0,7.064006,716
213772146357376,213772248181465,sda,11328,5799936,54.321625,0,8.387013,854
213772248181465,213772350111467,sda,12576,6438912,60.243548,0,9.673305,986
213772350111467,213772451457414,sda,10896,5578752,52.496549,0,6.601152,669
213772451457414,213772552090142,sda,12752,6529024,61.874130,0,9.132218,919
213772552090142,213772653352119,sda,13192,6754304,63.611302,0,8.068181,817
213772653352119,213772754579194,sda,13536,6930432,65.292561,0,8.436478,854
213772754579194,213772855997558,sda,12280,6287360,59.122367,0,8.154342,827
213772855997558,213772957469880,sda,13616,6971392,65.519714,0,7.972617,809
213772957469880,213773058587828,sda,15280,7823360,73.784503,0,8.900497,900
213773058587828,213773159662450,sda,14504,7426048,70.067353,0,8.478884,857
213773159662450,213773261121985,sda,13224,6770688,63.641443,0,7.313260,742
213773261121985,213773362480528,sda,13232,6774784,63.743394,0,7.488269,759
213773362480528,213773463747536,sda,15536,7954432,74.910256,0,10.092132,1022
213773463747536,213773564457341,sda,14584,7467008,70.709041,0,8.450021,851
213773564457341,213773665828252,sda,15072,7716864,72.598489,0,8.098970,821
213773665828252,213773767211462,sda,15680,8028160,75.517928,0,8.157169,827
213773767211462,213773868318911,sda,13672,7000064,66.026602,0,7.635441,772
213773868318911,213773969265313,sda,13664,6995968,66.093242,0,8.024060,810
213773969265313,213774070489006,sda,15512,7942144,74.826540,0,8.258936,836
213774070489006,213774171505196,sda,14592,7471104,70.533248,0,8.256102,834
213774171505196,213774272754817,sda,14360,7352320,69.251802,0,8.987688,910
213774272754817,213774373896321,sda,14048,7192576,67.819587,0,8.878650,898
213774373896321,213774474709123,sda,11984,6135808,58.043843,0,7.558564,762
213774474709123,213774575452039,sda,10832,5545984,52.500590,0,7.196536,725
213774575452039,213774676294228,sda,12224,6258688,59.189017,0,8.924836,900
213774676294228,213774777681520,sda,13552,6938624,65.266439,0,9.646179,978
213774777681520,213774878978076,sda,11256,5763072,54.257459,0,6.969635,706
213774878978076,213774979915009,sda,11320,5795840,54.760370,0,7.876205,795
213774979915009,213775081403027,sda,12256,6275072,58.966321,0,7.202821,731
213775081403027,213775182321581,sda,11728,6004736,56.744397,0,6.609290,667
213775182321581,213775283081161,sda,13624,6975488,66.021948,0,8.167958,823
213775283081161,213775384273773,sda,12704,6504448,61.300177,0,7.085498,717
213775384273773,213775485217810,sda,13744,7036928,66.481763,0,9.143680,923
213775485217810,213775585893885,sda,13776,7053312,66.813913,0,9.038890,910
213775585893885,213775686580161,sda,13888,7110656,67.350291,0,8.769815,883
213775686580161,213775787763344,sda,14792,7573504,71.381983,0,8.361073,846
213775787763344,213775889144510,sda,13544,6934528,65.231852,0,8.453247,857
213775889144510,213775990588097,sda,13864,7098368,66.731978,0,8.398757,852
213775990588097,213776092033608,sda,14728,7540736,70.889349,0,8.102872,822
213776092033608,213776193064690,sda,14528,7438336,70.213541,0,8.274681,836
213776193064690,213776294378537,sda,11032,5648384,53.168633,0,6.771039,686
213776294378537,213776394973769,sda,13696,7012352,66.479294,0,11.084024,1115
213776394973769,213776495840480,sda,11376,5824512,55.069581,0,7.574352,764
213776495840480,213776596726548,sda,12560,6430720,60.789489,0,7.662109,773
213776596726548,213776697552579,sda,14176,7258112,68.651666,0,7.954295,802
213776697552579,213776798415895,sda,12872,6590464,62.313599,0,8.437161,851
213776798415895,213776899311177,sda,9560,4894720,46.265481,0,7.909190,798
213776899311177,213777000406816,sda,13304,6811648,64.256914,0,11.721574,1185
213777000406816,213777101395280,sda,11904,6094848,57.556079,0,6.980995,705
213777101395280,213777202018589,sda,11816,6049792,57.337920,0,7.075895,712
213777202018589,213777303045518,sda,11232,5750784,54.286269,0,8.136444,822
213777303045518,213777403794987,sda,10464,5357568,50.713667,0,6.947927,700
213777403794987,213777504528588,sda,12680,6492160,61.463168,0,9.212418,928
213777504528588,213777605267113,sda,12128,6209536,58.784611,0,7.038022,709
213777605267113,213777706023614,sda,14904,7630848,72.227039,0,8.604904,867
213777706023614,213777806745277,sda,14096,7217152,68.334977,0,8.498668,856
213777806745277,213777907514916,sda,13176,6746112,63.844565,0,9.328206,940
213777907514916,213778008944010,sda,10512,5382144,50.604933,0,7.029541,713
213778008944010,213778110211188,sda,15320,7843840,73.868640,0,8.946630,906
213778110211188,213778210899731,sda,12984,6647808,62.964897,0,7.935362,799
213778210899731,213778312095593,sda,13224,6770688,63.807266,0,8.261207,836
213778312095593,213778413424472,sda,10832,5545984,52.196990,0,6.819379,691
213778413424472,213778514791256,sda,11984,6135808,57.726627,0,7.615907,772
213778514791256,213778615691202,sda,12520,6410240,60.587557,0,8.384544,846
213778615691202,213778717043115,sda,14744,7548928,71.031898,0,8.366887,848
213778717043115,213778818145079,sda,13328,6823936,64.368804,0,7.665529,775
213778818145079,213778919318299,sda,13608,6967296,65.674803,0,7.304304,739
213778919318299,213779020371445,sda,13192,6754304,63.742758,0,8.490582,858
213779020371445,213779120968747,sda,17712,9068544,85.970869,0,14.682302,1477
213779120968747,213779221894121,sda,14944,7651328,72.299707,0,9.095830,918
213779221894121,213779323216618,sda,15072,7716864,72.633178,0,7.787017,789
213779323216618,213779424131450,sda,12344,6320128,59.727035,0,6.976180,704
213779424131450,213779525733757,sda,13568,6946816,65.205212,0,7.460461,758
213779525733757,213779627708573,sda,12424,6361088,59.489259,0,7.158630,730
213779627708573,213779728960445,sda,11928,6107136,57.522085,0,6.212231,629
213779728960445,213779830161100,sda,11576,5926912,55.852838,0,6.748968,683
213779830161100,213779931405754,sda,11992,6139904,57.834844,0,7.101610,719
213779931405754,213780032416046,sda,10608,5431296,51.278809,0,8.523884,861
213780032416046,213780133500563,sda,14064,7200768,67.935107,0,10.021317,1013
213780133500563,213780235169032,sda,12840,6574080,61.666427,0,9.865399,1003
213780235169032,213780336539128,sda,7672,3928064,36.954624,0,4.429314,449
213780336539128,213780437287892,sda,9072,4644864,43.967661,0,7.196118,725
213780437287892,213780538493721,sda,15072,7716864,72.716908,0,12.064522,1221
213780538493721,213780639832945,sda,16032,8208384,77.246743,0,9.295512,942
213780639832945,213780741403835,sda,13160,6737920,63.264005,0,7.413541,753
213780741403835,213780842814433,sda,13096,6705152,63.055848,0,7.188598,729
213780842814433,213780943805386,sda,12616,6459392,60.997110,0,7.574936,765
213780943805386,213781045047102,sda,13664,6995968,65.900454,0,7.635193,773
213781045047102,213781146082586,sda,15064,7712768,72.800846,0,8.798889,889
213781146082586,213781247419127,sda,11544,5910528,55.623753,0,9.325363,945
213781247419127,213781348883826,sda,15800,8089600,76.034757,0,9.254450,939
213781348883826,213781450988858,sda,10848,5554176,51.876728,0,6.326818,646
213781450988858,213781552432532,sda,11896,6090752,57.259300,0,6.900381,700
213781552432532,213781653154918,sda,10760,5509120,52.162250,0,6.433525,648
213781653154918,213781754577213,sda,11528,5902336,55.499693,0,6.546884,664
213781754577213,213781855931176,sda,11720,6000640,56.462087,0,6.531565,662
213781855931176,213781957406092,sda,12896,6602752,62.053513,0,8.297617,842
213781957406092,213782059561338,sda,10504,5378048,50.206979,0,6.294341,643
213782059561338,213782160275437,sda,10672,5464064,51.739901,0,6.225543,627
213782160275437,213782261318266,sda,11472,5873664,55.437507,0,6.680336,675
213782261318266,213782362670818,sda,13160,6737920,63.400291,0,9.077226,920
213782362670818,213782464071253,sda,12792,6549504,61.598293,0,9.743548,988
213782464071253,213782565481294,sda,14800,7577600,71.260818,0,8.608615,873
213782565481294,213782666315776,sda,14992,7675904,72.597313,0,8.528828,860
213782666315776,213782767028324,sda,14856,7606272,72.025844,0,8.261135,832
213782767028324,213782867753829,sda,14400,7372800,69.806054,0,8.786255,885
213782867753829,213782969154375,sda,14200,7270400,68.378268,0,7.564062,767
213782969154375,213783070527576,sda,15000,7680000,72.250049,0,8.167839,828
213783070527576,213783171640545,sda,15568,7970816,75.178907,0,9.059174,916
213783171640545,213783272742332,sda,13312,6815744,64.291643,0,7.972164,806
213783272742332,213783374212836,sda,12992,6651904,62.518168,0,7.056238,716
213783374212836,213783475054498,sda,14216,7278592,68.834707,0,8.468722,854
213783475054498,213783575811804,sda,15656,8015872,75.870739,0,8.862881,893
213783575811804,213783676576908,sda,15840,8110080,76.756483,0,9.288930,936
213783676576908,213783777320932,sda,14088,7213056,68.281035,0,7.633207,769
213783777320932,213783878061513,sda,14184,7262208,68.748673,0,7.653321,771
213783878061513,213783978776102,sda,13792,7061504,66.865933,0,7.913451,797
213783978776102,213784079550000,sda,16120,8253440,78.106473,0,8.990423,906
213784079550000,213784180325501,sda,14576,7462912,70.624184,0,8.285744,835
213784180325501,213784281092652,sda,14016,7176192,67.916478,0,9.765087,984
213784281092652,213784381932641,sda,13888,7110656,67.247627,0,8.597780,867
213784381932641,213784482936273,sda,11192,5730304,54.105418,0,7.306668,738
213784482936273,213784583945618,sda,10552,5402624,51.008585,0,6.652850,672
213784583945618,213784685071429,sda,11976,6131712,57.825556,0,6.981403,706
213784685071429,213784785838432,sda,11680,5980160,56.597148,0,6.807784,686
213784785838432,213784886772470,sda,11120,5693440,53.794415,0,6.548831,661
213784886772470,213784987459277,sda,13952,7143424,67.660304,0,7.697136,775
213784987459277,213785088208139,sda,12752,6529024,61.802807,0,7.424401,748
213785088208139,213785188910819,sda,12448,6373376,60.357133,0,8.301666,836
213785188910819,213785289651693,sda,8184,4190208,39.667055,0,6.601094,665
213785289651693,213785390758078,sda,11616,5947392,56.098089,0,8.990530,909
213785390758078,213785491610711,sda,14680,7516160,71.073690,0,10.064189,1015
213785491610711,213785592372802,sda,15776,8077312,76.448642,0,9.934292,1001
213785592372802,213785693172214,sda,12792,6549504,61.965577,0,8.680606,875
213785693172214,213785793933492,sda,13616,6971392,65.982068,0,8.435780,850
213785793933492,213785894783794,sda,12496,6397952,60.501182,0,7.446681,751
213785894783794,213785995740532,sda,12832,6569984,62.062475,0,8.171817,825
213785995740532,213786096562971,sda,12680,6492160,61.409011,0,8.371152,844
213786096562971,213786197452452,sda,15360,7864320,74.338771,0,9.029683,911
213786197452452,213786298181658,sda,14256,7299072,69.105454,0,8.557597,862
213786298181658,213786398969215,sda,12976,6643712,62.864283,0,7.729129,779
213786398969215,213786500203696,sda,12080,6184960,58.265103,0,7.171470,726
213786500203696,213786601674372,sda,9112,4665344,43.847335,0,5.321735,540
213786601674372,213786702444074,sda,13088,6701056,63.418119,0,8.087748,815
213786702444074,213786803228081,sda,11944,6115328,57.866634,0,7.392046,745
213786803228081,213786903980141,sda,11272,5771264,54.628225,0,7.513494,757
213786903980141,213787004747853,sda,11720,6000640,56.790574,0,7.423013,748
213787004747853,213787105472543,sda,10048,5144576,48.709507,0,7.019133,707
213787105472543,213787206132930,sda,11752,6017024,57.006350,0,8.692595,875
213787206132930,213787306963231,sda,13248,6782976,64.154822,0,7.299393,736
213787306963231,213787408137480,sda,13720,7024640,66.214662,0,7.027480,711
213787408137480,213787508809374,sda,15696,8036352,76.129118,0,8.324071,838
213787508809374,213787609614119,sda,16152,8269824,78.237575,0,8.898391,897
213787609614119,213787710343532,sda,14312,7327744,69.376769,0,7.763373,782
213787710343532,213787811048108,sda,14528,7438336,70.441188,0,8.231999,829
213787811048108,213787911758504,sda,13224,6770688,64.114843,0,7.774768,783
213787911758504,213788012487518,sda,14936,7647232,72.401868,0,8.259785,832
213788012487518,213788113213478,sda,14712,7532544,71.318196,0,8.299747,836
213788113213478,213788213914427,sda,15096,7729152,73.197858,0,8.450764,851
213788213914427,213788314797007,sda,15304,7835648,74.072811,0,8.019224,809
213788314797007,213788415539237,sda,14048,7192576,68.088378,0,7.921206,798
213788415539237,213788516331929,sda,16640,8519680,80.611003,0,9.355837,943
213788516331929,213788617034458,sda,15600,7987200,75.640479,0,8.351329,841
213788617034458,213788717735160,sda,9880,5058560,47.906506,0,6.613658,666
213788717735160,213788818468545,sda,13936,7135232,67.551463,0,8.050956,811
213788818468545,213788919177315,sda,13192,6754304,63.960728,0,7.814612,787
213788919177315,213789019891176,sda,14560,7454720,70.589837,0,8.787271,885
213789019891176,213789120659278,sda,12216,6254592,59.193769,0,7.343594,740
213789120659278,213789221345710,sda,14560,7454720,70.609067,0,8.749938,881
213789221345710,213789322037987,sda,14136,7237632,68.548889,0,8.123761,818
213789322037987,213789422717412,sda,11944,6115328,57.926744,0,6.754111,680
213789422717412,213789523444803,sda,12944,6627328,62.746711,0,7.495479,755
213789523444803,213789624452589,sda,12496,6397952,60.406853,0,6.900458,697
213789624452589,213789725386865,sda,9008,4612096,43.577243,0,5.558072,561
213789725386865,213789826534928,sda,11928,6107136,57.581120,0,7.523624,761
213789826534928,213789927528013,sda,12632,6467584,61.073179,0,8.149073,823
213789927528013,213790028338468,sda,11416,5844992,55.294054,0,7.995202,806
213790028338468,213790129033962,sda,10728,5492736,52.021010,0,6.693447,674
213790129033962,213790229754079,sda,10336,5292032,50.107914,0,7.386806,744
213790229754079,213790330565456,sda,12176,6234112,58.974619,0,8.481186,855
213790330565456,213790431294486,sda,13160,6737920,63.792744,0,8.845514,891
213790431294486,213790532077198,sda,12696,6500352,61.510736,0,7.451675,751
213790532077198,213790632824369,sda,15696,8036352,76.072235,0,9.062289,913
213790632824369,213790733571081,sda,15352,7860224,74.405344,0,8.486629,855
213790733571081,213790834317160,sda,14368,7356416,69.636705,0,8.089645,815
213790834317160,213790935131101,sda,12992,6651904,62.925325,0,7.538640,760
213790935131101,213791035861816,sda,11280,5775360,54.678580,0,6.691107,674
213791035861816,213791136612896,sda,15064,7712768,73.006351,0,11.007326,1109
213791136612896,213791237316492,sda,13424,6873088,65.088912,0,10.367058,1044
213791237316492,213791338049920,sda,12640,6471680,61.269383,0,10.751148,1083
213791338049920,213791438780675,sda,12320,6307840,59.719844,0,7.525011,758
213791438780675,213791539501080,sda,9984,5111808,48.401315,0,5.540089,558
213791539501080,213791640329797,sda,10448,5349376,50.596325,0,6.635015,669
213791640329797,213791741431010,sda,10992,5627904,53.087271,0,6.231379,630
213791741431010,213791842375774,sda,12000,6144000,58.045358,0,6.637293,670
213791842375774,213791943067275,sda,13680,7004160,66.338146,0,7.647120,770
213791943067275,213792044230207,sda,12608,6455296,60.854800,0,7.443438,753
213792044230207,213792144920604,sda,11112,5689344,53.885787,0,7.458507,751
213792144920604,213792245673356,sda,12352,6324224,59.861888,0,8.009707,807
213792245673356,213792346396954,sda,12056,6172672,58.444286,0,7.257485,731
213792346396954,213792447203603,sda,14736,7544832,71.377360,0,8.114544,818
213792447203603,213792547919096,sda,14128,7233536,68.494303,0,8.270823,833
213792547919096,213792648656428,sda,15152,7757824,73.442857,0,9.638929,971
213792648656428,213792749605035,sda,13312,6815744,64.389200,0,7.964449,804
213792749605035,213792850522226,sda,13800,7065600,66.770400,0,7.857928,793
213792850522226,213792951489646,sda,16080,8232960,77.763327,0,9.805143,990
213792951489646,213793052205208,sda,16992,8699904,82.379275,0,11.894885,1198
213793052205208,213793152911694,sda,12496,6397952,60.587582,0,8.211983,827
213793152911694,213793253643215,sda,13648,6987776,66.156675,0,7.852557,791
213793253643215,213793354434612,sda,14584,7467008,70.651801,0,8.601925,867
213793354434612,213793455383031,sda,14024,7180288,67.833219,0,8.103148,818
213793455383031,213793556082321,sda,13792,7061504,66.876092,0,8.917640,898
213793556082321,213793656898946,sda,11480,5877760,55.600639,0,6.715162,677
213793656898946,213793757709116,sda,11608,5943296,56.224176,0,7.529002,759
213793757709116,213793858374280,sda,10632,5443584,51.571031,0,6.973614,702
213793858374280,213793959082425,sda,13872,7102464,67.258090,0,9.512637,958
213793959082425,213794059776394,sda,11152,5709824,54.077842,0,7.120585,717
213794059776394,213794160503475,sda,14536,7442432,70.464230,0,9.342076,941
213794160503475,213794261248340,sda,13056,6684672,63.278659,0,8.298190,836
213794261248340,213794361950831,sda,14176,7258112,68.735887,0,9.096101,916
213794361950831,213794463064358,sda,12752,6529024,61.579916,0,10.117341,1023
213794463064358,213794563794432,sda,11448,5861376,55.493295,0,6.810280,686
213794563794432,213794664699621,sda,11672,5976064,56.480928,0,7.571464,764
213794664699621,213794765580677,sda,8560,4382720,41.431837,0,6.145852,620
213794765580677,213794866378858,sda,10992,5627904,53.246869,0,7.767997,783
213794866378858,213794967247188,sda,11304,5787648,54.720161,0,7.980701,805
213794967247188,213795068052830,sda,12960,6635520,62.775504,0,9.354635,943
213795068052830,213795169073800,sda,12864,6586368,62.177684,0,9.463382,956
213795169073800,213795270199305,sda,7280,3727360,35.151246,0,4.529026,458
213795270199305,213795370895701,sda,10032,5136384,48.645609,0,7.070760,712
213795370895701,213795471675395,sda,16008,8196096,77.559337,0,12.691049,1279
213795471675395,213795572378269,sda,15200,7782400,73.700727,0,12.899334,1299
213795572378269,213795673185932,sda,15176,7770112,73.507867,0,9.175890,925
213795673185932,213795773927132,sda,16344,8368128,79.217527,0,10.948847,1103
213795773927132,213795874732291,sda,15048,7704576,72.889685,0,9.126517,920
213795874732291,213795975441662,sda,15504,7938048,75.169892,0,10.435970,1051
213795975441662,213796076244830,sda,12784,6545408,61.924517,0,8.610840,868
213796076244830,213796176938957,sda,15752,8065024,76.383861,0,8.719476,878
213796176938957,213796277699499,sda,12416,6356992,60.167402,0,10.708557,1079
213796277699499,213796378589773,sda,13808,7069696,66.826932,0,9.644141,973
213796378589773,213796479427373,sda,12424,6361088,60.160161,0,6.812935,687
213796479427373,213796580358327,sda,11760,6021120,56.892234,0,8.134274,821
213796580358327,213796681044350,sda,14328,7335936,69.484259,0,7.697195,775
213796681044350,213796781822989,sda,10480,5365760,50.776509,0,5.636115,568
213796781822989,213796882972386,sda,9032,4624384,43.600421,0,4.765229,482
213796882972386,213796983915945,sda,12144,6217728,58.742604,0,9.589517,968
213796983915945,213797085089337,sda,14024,7180288,67.682383,0,8.233390,833
213797085089337,213797186101010,sda,12496,6397952,60.404529,0,8.553467,864
213797186101010,213797287377117,sda,10192,5218304,49.138564,0,9.587651,971
213797287377117,213797388056304,sda,12304,6299648,59.672835,0,11.650869,1173
213797388056304,213797488769044,sda,16312,8351744,79.084769,0,10.117886,1019
213797488769044,213797589551399,sda,15064,7712768,72.983696,0,8.999591,907
213797589551399,213797690408140,sda,11288,5779456,54.648987,0,6.930623,699
213797690408140,213797791259943,sda,15592,7983104,75.489788,0,12.582819,1269
213797791259943,213797892049488,sda,14176,7258112,68.676518,0,8.939419,901
213797892049488,213797992714860,sda,14688,7520256,71.244708,0,10.510069,1058
213797992714860,213798093550944,sda,14000,7168000,67.792572,0,8.965045,904
213798093550944,213798194265483,sda,13640,6983680,66.129045,0,7.953171,801
213798194265483,213798294943229,sda,15824,8101888,76.745486,0,9.843288,991
213798294943229,213798395692848,sda,13456,6889472,65.214266,0,8.595566,866
213798395692848,213798496472438,sda,12408,6352896,60.117269,0,7.570977,763
213798496472438,213798597098186,sda,16736,8568832,81.210576,0,11.825999,1190
213798597098186,213798697737259,sda,13864,7098368,67.265437,0,10.920212,1099
213798697737259,213798798582384,sda,11792,6037504,57.095596,0,9.231978,931
213798798582384,213798899402805,sda,12232,6262784,59.240541,0,7.726609,779
213798899402805,213799000101975,sda,17200,8806400,83.401258,0,11.598904,1168
213799000101975,213799100794204,sda,15736,8056832,76.307713,0,9.563797,963
213799100794204,213799201561942,sda,11456,5865472,55.511319,0,6.658877,671
213799201561942,213799302355494,sda,14424,7385088,69.875192,0,8.939064,901
213799302355494,213799402971593,sda,10296,5271552,49.965600,0,6.768301,681
213799402971593,213799503843739,sda,12376,6336512,59.907209,0,11.886334,1199
213799503843739,213799604592270,sda,13456,6889472,65.214971,0,8.268111,833
213799604592270,213799705349490,sda,11896,6090752,57.649405,0,8.773565,884
213799705349490,213799806065503,sda,8008,4100096,38.823581,0,9.025377,909
213799806065503,213799906572022,sda,12832,6569984,62.340484,0,15.640776,1572
213799906572022,213800007336527,sda,11080,5672960,53.691091,0,6.589622,664
213800007336527,213800108205631,sda,11408,5840896,55.223178,0,6.562961,662
213800108205631,213800208965417,sda,11256,5763072,54.546501,0,6.212796,626
213800208965417,213800309993122,sda,11480,5877760,55.484471,0,6.720929,679
213800309993122,213800410886469,sda,13016,6664192,62.991951,0,7.721024,779
213800410886469,213800511617265,sda,16520,8458240,80.078849,0,10.969833,1105
213800511617265,213800612369720,sda,12992,6651904,62.963726,0,8.009730,807
213800612369720,213800713075789,sda,13992,7163904,67.841306,0,9.195076,926
213800713075789,213800813714448,sda,17016,8712192,82.558669,0,10.810955,1088
213800813714448,213800914440860,sda,14760,7557120,71.550561,0,10.781681,1086
213800914440860,213801015146322,sda,10400,5324800,50.425517,0,8.420596,848
213801015146322,213801115864231,sda,14056,7196672,68.143603,0,8.042264,810
213801115864231,213801216538746,sda,13440,6881280,65.185315,0,8.423184,848
213801216538746,213801317294927,sda,11080,5672960,53.695527,0,6.868065,692
213801317294927,213801417987286,sda,7080,3624960,34.332608,0,4.945758,498
213801417987286,213801518906334,sda,9504,4866048,45.983638,0,6.856981,692
213801518906334,213801620385476,sda,8064,4128768,38.801077,0,5.370562,545
213801620385476,213801721065859,sda,8624,4415488,41.824806,0,9.276882,934
213801721065859,213801821779076,sda,10432,5341184,50.576778,0,7.635542,769
213801821779076,213801922597520,sda,9280,4751360,44.944653,0,5.197462,524
213801922597520,213802023398384,sda,10640,5447680,51.540357,0,8.561435,863
213802023398384,213802124686905,sda,11688,5984256,56.344304,0,7.404590,750
213802124686905,213802226045675,sda,9480,4853760,45.668532,0,6.097154,618
213802226045675,213802327139601,sda,9312,4767744,44.976738,0,5.430593,549
213802327139601,213802428025904,sda,8144,4169728,39.416277,0,5.184054,523
213802428025904,213802528820620,sda,10488,5369856,50.807165,0,5.992378,604
213802528820620,213802629594507,sda,11568,5922816,56.050607,0,7.005783,706
213802629594507,213802730283191,sda,13192,6754304,63.973487,0,10.358662,1043
213802730283191,213802831070599,sda,14072,7204864,68.174129,0,8.046640,811
213802831070599,213802931787784,sda,11504,5890048,55.771887,0,8.459331,852
213802931787784,213803032489070,sda,14256,7299072,69.124614,0,8.391154,845
213803032489070,213803133190525,sda,16656,8527872,80.761619,0,9.255080,932
213803133190525,213803233884055,sda,15216,7790592,73.785153,0,8.560629,862
213803233884055,213803334948525,sda,12728,6516736,61.493854,0,7.401216,748
213803334948525,213803436062041,sda,13600,6963200,65.674949,0,8.347054,844
213803436062041,213803536817710,sda,13800,7065600,66.877440,0,9.051600,912
213803536817710,213803637558067,sda,14320,7331840,69.408008,0,9.072829,914
213803637558067,213803738202756,sda,12632,6467584,61.284592,0,8.654207,871
213803738202756,213803838903857,sda,12296,6295552,59.621059,0,8.579847,864
213803838903857,213803939948928,sda,10400,5324800,50.256039,0,7.214602,729
213803939948928,213804040762720,sda,11224,5746688,54.362292,0,6.983172,704
213804040762720,213804141568286,sda,14704,7528448,71.223126,0,9.424083,950
213804141568286,213804242306333,sda,13200,6758400,63.980916,0,7.732927,779
213804242306333,213804343068789,sda,12144,6217728,58.848183,0,7.691357,775
213804343068789,213804443922269,sda,11808,6045696,57.168330,0,8.338830,841
213804443922269,213804544894749,sda,9704,4968448,46.926462,0,7.556514,763
213804544894749,213804645685339,sda,9640,4935680,46.701098,0,6.796269,685
213804645685339,213804746502012,sda,12384,6340608,59.978918,0,9.125475,920
213804746502012,213804847208513,sda,10728,5492736,52.015324,0,6.960822,701
213804847208513,213804948072708,sda,13840,7086080,66.999122,0,10.985068,1108
213804948072708,213805048766984,sda,10352,5300224,50.198360,0,6.147321,619
213805048766984,213805149513223,sda,9888,5062656,47.923625,0,5.915854,596
213805149513223,213805250432874,sda,12432,6365184,60.149955,0,7.263204,733
213805250432874,213805351283443,sda,11072,5668864,53.606539,0,6.663324,672
213805351283443,213805452456519,sda,14008,7172096,67.605375,0,9.053792,916
213805452456519,213805553255346,sda,13336,6828032,64.601136,0,7.906838,797
213805553255346,213805653951736,sda,18336,9388032,88.912075,0,14.389791,1449
213805653951736,213805754768689,sda,16304,8347648,78.964274,0,8.966746,904
213805754768689,213805855500124,sda,13712,7020544,66.466962,0,8.269514,833
213805855500124,213805956373892,sda,13568,6946816,65.676143,0,7.782003,785
213805956373892,213806057101677,sda,14048,7192576,68.098142,0,8.587501,865
213806057101677,213806157784570,sda,17112,8761344,82.987968,0,9.872581,994
213806157784570,213806258608622,sda,12816,6561792,62.066663,0,7.041971,710
213806258608622,213806359441929,sda,12200,6246400,59.078011,0,9.520664,960
213806359441929,213806460399513,sda,12512,6406144,60.514275,0,7.310001,738
213806460399513,213806561637737,sda,8744,4476928,42.173115,0,6.647687,673
213806561637737,213806662371588,sda,11552,5914624,55.995328,0,9.569772,964
213806662371588,213806763227270,sda,12064,6176768,58.406476,0,9.697024,978
213806763227270,213806864112996,sda,12776,6541312,61.835123,0,10.774567,1087
213806864112996,213806964875736,sda,10416,5332992,50.474387,0,8.673841,874
213806964875736,213807065597604,sda,8624,4415488,41.807579,0,5.937142,598
213807065597604,213807166404420,sda,8448,4325376,40.919852,0,5.624620,567
213807166404420,213807267511876,sda,10936,5599232,52.813551,0,6.517818,659
213807267511876,213807368426659,sda,11616,5947392,56.204600,0,7.967118,804
213807368426659,213807469174101,sda,13664,6995968,66.223766,0,9.717368,979
213807469174101,213807569946701,sda,12584,6443008,60.974226,0,8.930999,900
213807569946701,213807670743146,sda,14184,7262208,68.710571,0,8.502284,857
213807670743146,213807771465722,sda,14336,7340032,69.497825,0,8.280169,834
213807771465722,213807872211613,sda,13856,7094272,67.155344,0,7.930845,799
213807872211613,213807972894924,sda,15296,7831552,74.180616,0,9.147494,921
213807972894924,213808073670352,sda,12504,6402048,60.584895,0,8.146827,821
213808073670352,213808174325753,sda,16672,8536064,80.876187,0,9.765994,983
213808174325753,213808275110230,sda,15256,7811072,73.912362,0,9.058935,913
213808275110230,213808375856956,sda,13784,7057408,66.805831,0,9.012700,908
213808375856956,213808476630845,sda,14480,7413760,70.160163,0,10.240748,1032
213808476630845,213808577433165,sda,14088,7213056,68.241547,0,8.144654,821
213808577433165,213808678109086,sda,16072,8228864,77.949684,0,9.168031,923
213808678109086,213808778896021,sda,12384,6340608,59.996616,0,7.878005,794
213808778896021,213808879703233,sda,12360,6328320,59.868298,0,7.737542,780
213808879703233,213808980494111,sda,16024,8204288,77.628243,0,18.513580,1866
213808980494111,213809081234337,sda,15088,7725056,73.130544,0,9.767697,984
213809081234337,213809181886384,sda,17136,8773632,83.129829,0,9.637161,970
213809181886384,213809282659507,sda,13408,6864896,64.966479,0,8.712641,878
213809282659507,213809383368829,sda,11560,5918720,56.047753,0,7.129429,718
213809383368829,213809484304413,sda,11472,5873664,55.496409,0,7.054004,712
213809484304413,213809585119217,sda,11400,5836800,55.214175,0,7.816312,788
213809585119217,213809685880946,sda,12248,6270976,59.352582,0,8.455591,852
213809685880946,213809786926811,sda,13120,6717440,63.399428,0,10.223080,1033
213809786926811,213809887690139,sda,13640,6983680,66.097025,0,7.989018,805
213809887690139,213809988426229,sda,9080,4648960,44.011970,0,8.695990,876
213809988426229,213810089080106,sda,12096,6193152,58.678813,0,10.441724,1051
213810089080106,213810189868014,sda,12576,6438912,60.926208,0,7.709258,777
213810189868014,213810290772771,sda,11608,5943296,56.171472,0,6.392166,645
213810290772771,213810391581583,sda,12096,6193152,58.588628,0,6.666084,672
213810391581583,213810492214663,sda,12864,6586368,62.417348,0,8.526023,858
213810492214663,213810593121572,sda,13960,7147520,67.551432,0,7.610975,768
213810593121572,213810693903468,sda,14864,7610368,72.015042,0,8.771417,884
213810693903468,213810794710055,sda,12744,6524928,61.728667,0,7.063031,712
213810794710055,213810895520196,sda,12640,6471680,61.222759,0,7.181817,724
213810895520196,213810996313890,sda,16976,8691712,82.237908,0,11.211019,1130
213810996313890,213811097052039,sda,15344,7856128,74.372892,0,10.720864,1080
213811097052039,213811197830984,sda,12888,6598656,62.443289,0,8.116775,818
213811197830984,213811298610402,sda,15648,8011776,75.815332,0,9.595213,967
213811298610402,213811399399880,sda,13376,6848512,64.800911,0,7.798433,786
213811399399880,213811500186778,sda,12632,6467584,61.198121,0,7.788711,785
213811500186778,213811601128948,sda,11400,5836800,55.144507,0,6.924757,699
213811601128948,213811701886218,sda,9120,4669440,44.196563,0,5.299866,534
213811701886218,213811802701160,sda,12784,6545408,61.917285,0,7.935332,800
213811802701160,213811904680465,sda,11576,5926912,55.426380,0,8.011429,817
213811904680465,213812005865272,sda,11712,5996544,56.517872,0,6.750025,683
213812005865272,213812106862282,sda,11464,5869568,55.423980,0,6.445735,651
213812106862282,213812207949630,sda,12392,6344704,59.856959,0,6.707071,678
213812207949630,213812308801981,sda,12616,6459392,61.080939,0,6.960671,702
213812308801981,213812410346806,sda,11976,6131712,57.586945,0,6.332179,643
213812410346806,213812511486650,sda,14232,7286784,68.709012,0,8.196572,829
213812511486650,213812612826441,sda,15672,8024064,75.511738,0,9.048765,917
213812612826441,213812713929865,sda,14664,7507968,70.820116,0,8.486359,858
213812713929865,213812815446998,sda,12608,6455296,60.642473,0,7.515973,763
213812815446998,213812916828431,sda,12952,6631424,62.380443,0,7.378077,748
213812916828431,213813017993678,sda,15864,8122368,76.568723,0,8.935875,904
213813017993678,213813118914272,sda,15720,8048640,76.057631,0,8.828723,891
213813118914272,213813220056060,sda,12536,6418432,60.519928,0,7.000074,708
213813220056060,213813321398109,sda,14128,7233536,68.070831,0,7.519090,762
213813321398109,213813422499666,sda,13392,6856704,64.678158,0,7.675451,776
213813422499666,213813523252636,sda,16696,8548352,80.914178,0,11.106372,1119
213813523252636,213813624366560,sda,14064,7200768,67.915350,0,9.454682,956
213813624366560,213813725509440,sda,12736,6520832,61.484802,0,8.028247,812
213813725509440,213813826798361,sda,13840,7086080,66.718180,0,9.388983,951
213813826798361,213813927534582,sda,15032,7696384,72.862012,0,8.725759,879
213813927534582,213814028505887,sda,17640,9031680,85.304248,0,10.270245,1037
213814028505887,213814129682348,sda,14096,7217152,68.027804,0,7.541280,763
213814129682348,213814231033363,sda,13576,6950912,65.405425,0,7.844026,795
213814231033363,213814331833767,sda,15240,7802880,73.823179,0,18.660639,1881
213814331833767,213814432517716,sda,13256,6787072,64.286873,0,8.442259,850
213814432517716,213814533217922,sda,10832,5545984,52.522857,0,6.385290,643
213814533217922,213814633946522,sda,13064,6688768,63.327657,0,7.664159,772
213814633946522,213814734727342,sda,10128,5185536,49.069977,0,5.378007,542
213814734727342,213814835487953,sda,12520,6410240,60.671340,0,7.264744,732
213814835487953,213814936278914,sda,11200,5734400,54.258338,0,6.577971,663
213814936278914,213815037789817,sda,12832,6569984,61.723665,0,7.043578,715
213815037789817,213815138556000,sda,8848,4530176,42.874627,0,5.855139,590
213815138556000,213815240092646,sda,11152,5709824,53.629037,0,6.559208,666
213815240092646,213815341372389,sda,11128,5697536,53.649364,0,6.654835,674
213815341372389,213815443366397,sda,13888,7110656,66.486749,0,9.441731,963
213815443366397,213815544512694,sda,13360,6840320,64.495070,0,8.077409,817
213815544512694,213815645865240,sda,12136,6213632,58.467019,0,7.242048,734
213815645865240,213815747102622,sda,14040,7188480,67.716772,0,8.475130,858
213815747102622,213815848469506,sda,12712,6508544,61.233324,0,8.612280,873
213815848469506,213815949821329,sda,15400,7884800,74.192363,0,9.649555,978
213815949821329,213816050611202,sda,13400,6860800,64.916926,0,8.314327,838
213816050611202,213816151591435,sda,13736,7032832,66.419249,0,9.566229,966
213816151591435,213816252920619,sda,14640,7495680,70.546680,0,8.664828,878
213816252920619,213816354265937,sda,14088,7213056,67.875916,0,8.022078,813
213816354265937,213816455638288,sda,12504,6402048,60.228146,0,6.757267,685
213816455638288,213816556440494,sda,10944,5603328,53.012233,0,6.934372,699
213816556440494,213816657788732,sda,12728,6516736,61.321675,0,7.479163,758
213816657788732,213816759175372,sda,11416,5844992,54.979815,0,6.568913,666
213816759175372,213816860869364,sda,8168,4182016,39.218455,0,4.985545,507
213816860869364,213816962776735,sda,10352,5300224,49.600804,0,5.966202,608
213816962776735,213817063977435,sda,10232,5238784,49.368174,0,6.501931,658
213817063977435,213817165616670,sda,9344,4784128,44.889161,0,6.060652,616
213817165616670,213817267015486,sda,9600,4915200,46.228350,0,5.749574,583
213817267015486,213817367796322,sda,10680,5468160,51.744399,0,7.491504,755
213817367796322,213817468592829,sda,11760,6021120,56.968120,0,10.297976,1038
213817468592829,213817569411690,sda,11856,6070272,57.420431,0,9.036008,911
213817569411690,213817670195577,sda,12688,6496256,61.471260,0,8.056843,812
213817670195577,213817771042827,sda,13824,7077888,66.932911,0,8.398841,847
213817771042827,213817871796207,sda,9072,4644864,43.965647,0,6.064313,611
213817871796207,213817972637601,sda,13032,6672384,63.101877,0,7.625837,769
213817972637601,213818073633115,sda,10560,5406720,51.054248,0,6.604254,667
213818073633115,213818174384742,sda,12680,6492160,61.452171,0,7.850990,791
213818174384742,213818275031870,sda,12032,6160384,58.372257,0,7.471649,752
213818275031870,213818375826229,sda,11256,5763072,54.527791,0,7.044045,710
213818375826229,213818476605773,sda,13112,6713344,63.528207,0,7.848815,791
213818476605773,213818577416164,sda,12392,6344704,60.021404,0,7.816655,788
213818577416164,213818678127660,sda,14544,7446528,70.513921,0,9.591755,966
213818678127660,213818778976131,sda,11752,6017024,56.900032,0,7.843451,791
213818778976131,213818879803698,sda,11336,5804032,54.897251,0,7.011971,707
213818879803698,213818980606271,sda,11656,5967872,56.460922,0,6.745860,680
213818980606271,213819081440043,sda,15664,8019968,75.851943,0,8.737152,881
213819081440043,213819182051861,sda,15376,7872512,74.621577,0,9.173873,923
213819182051861,213819282918625,sda,12000,6144000,58.090245,0,6.781223,684
213819282918625,213819383693020,sda,12016,6152192,58.221014,0,7.055364,711
213819383693020,213819484553630,sda,9736,4984832,47.133428,0,6.305732,636
213819484553630,213819586391039,sda,9552,4890624,45.799108,0,6.441641,656
213819586391039,213819688279688,sda,10096,5169152,48.383088,0,7.547455,769
213819688279688,213819789763911,sda,10984,5623808,52.848424,0,6.739964,684
213819789763911,213819891091216,sda,6184,3166208,29.799779,0,3.947603,400
213819891091216,213819991804012,sda,11368,5820416,55.114955,0,7.695149,775
213819991804012,213820093091450,sda,10824,5541888,52.179780,0,6.486490,657
213820093091450,213820193832001,sda,10680,5468160,51.765091,0,7.554058,761
213820193832001,213820294736419,sda,10896,5578752,52.726259,0,8.146323,822
213820294736419,213820395800962,sda,12304,6299648,59.445304,0,9.103094,920
213820395800962,213820496593109,sda,12536,6418432,60.729868,0,7.639484,770
213820496593109,213820597385736,sda,14144,7241728,68.519397,0,8.998674,907
213820597385736,213820698087982,sda,15688,8032256,76.067382,0,10.675035,1075
213820698087982,213820798833239,sda,14632,7491584,70.916800,0,8.586012,865
213820798833239,213820900260935,sda,12840,6574080,61.812813,0,7.059216,716
213820900260935,213821001433254,sda,14272,7307264,68.880007,0,8.332319,843
213821001433254,213821102732181,sda,14520,7434240,69.989327,0,8.252802,836
213821102732181,213821203521266,sda,14840,7598080,71.893636,0,8.165567,823
213821203521266,213821304229623,sda,12128,6209536,58.802220,0,7.904011,796
213821304229623,213821404860808,sda,14088,7213056,68.357600,0,9.808093,987
213821404860808,213821506187843,sda,10344,5296128,49.846334,0,6.987276,708
213821506187843,213821607716784,sda,11584,5931008,55.710716,0,8.578835,871
213821607716784,213821709054139,sda,11584,5931008,55.816041,0,7.450362,755
213821709054139,213821810287371,sda,10032,5136384,48.387643,0,5.877517,595
213821810287371,213821911696483,sda,12336,6316032,59.397399,0,6.971760,707
213821911696483,213822013040939,sda,11008,5636096,53.036942,0,6.423637,651
213822013040939,213822114478256,sda,11232,5750784,54.066641,0,6.654356,675
213822114478256,213822215616129,sda,9280,4751360,44.802702,0,5.309584,537
213822215616129,213822316286247,sda,11672,5976064,56.612815,0,7.569277,762
213822316286247,213822417308083,sda,12320,6307840,59.547769,0,8.265540,835
213822417308083,213822518537469,sda,14240,7290880,68.686824,0,8.752399,886
213822518537469,213822619265918,sda,13328,6823936,64.607492,0,7.654243,771
213822619265918,213822720633713,sda,13792,7061504,66.435055,0,9.115321,924
213822720633713,213822821836680,sda,13448,6885376,64.883535,0,8.794209,890
213822821836680,213822922819390,sda,13232,6774784,63.980631,0,8.585628,867
213822922819390,213823024077284,sda,14024,7180288,67.625900,0,8.957326,907
213823024077284,213823125423900,sda,14488,7417856,69.802220,0,8.495597,861
213823125423900,213823226762940,sda,11616,5947392,55.969299,0,6.710148,680
213823226762940,213823327831477,sda,15688,8032256,75.791700,0,8.499183,859
213823327831477,213823428940471,sda,13688,7008256,66.102861,0,8.485892,858
213823428940471,213823530240257,sda,14952,7655424,72.071043,0,8.460038,857
213823530240257,213823631701266,sda,13496,6909952,64.949519,0,7.510274,762
213823631701266,213823732783251,sda,14632,7491584,70.680559,0,8.854199,895
213823732783251,213823834053114,sda,14952,7655424,72.092339,0,8.146550,825
213823834053114,213823935706674,sda,13536,6930432,65.018628,0,7.712470,784
213823935706674,213824037075409,sda,14280,7311360,68.785077,0,8.049819,816
213824037075409,213824138364727,sda,15168,7766016,73.119754,0,8.184476,829
213824138364727,213824239066033,sda,12912,6610944,62.607803,0,7.606654,766
213824239066033,213824340318745,sda,14192,7266304,68.439525,0,8.157806,826
213824340318745,213824441480569,sda,10384,5316608,50.120809,0,6.919606,700
213824441480569,213824542828891,sda,11800,6041600,56.850658,0,6.906873,700
213824542828891,213824644079421,sda,11936,6111232,57.561427,0,7.229592,732
213824644079421,213824745297534,sda,9728,4980736,46.928360,0,5.641283,571
213824745297534,213824846411016,sda,13656,6991872,65.945397,0,7.634986,772
213824846411016,213824947826833,sda,11760,6021120,56.620236,0,6.468419,656
213824947826833,213825049150643,sda,10600,5427200,51.081589,0,6.424946,651
213825049150643,213825150456313,sda,11880,6082560,57.260183,0,8.262124,837
213825150456313,213825251815560,sda,11960,6123520,57.615303,0,6.985056,708
213825251815560,213825352641358,sda,10360,5304320,50.171621,0,6.902995,696
213825352641358,213825453345433,sda,12504,6402048,60.627822,0,9.374000,944
213825453345433,213825554155471,sda,10248,5246976,49.636984,0,8.124191,819
213825554155471,213825654871156,sda,13192,6754304,63.956337,0,8.290665,835
213825654871156,213825756036404,sda,14624,7487488,70.583774,0,9.005069,911
213825756036404,213825856907807,sda,11784,6033408,57.041997,0,6.711516,677
213825856907807,213825957682415,sda,12216,6254592,59.189947,0,7.452274,751
213825957682415,213826058972594,sda,13968,7151616,67.334391,0,8.174534,828
213826058972594,213826160259024,sda,14848,7602176,71.579184,0,8.016869,812
213826160259024,213826261529514,sda,14376,7360512,69.314676,0,9.064832,918
213826261529514,213826362820801,sda,12296,6295552,59.273669,0,8.085592,819
213826362820801,213826463593422,sda,11640,5959680,56.400178,0,7.472268,753
213826463593422,213826564530607,sda,10032,5136384,48.529563,0,6.756677,682
213826564530607,213826665311908,sda,11312,5791744,54.806174,0,6.786973,684
213826665311908,213826766077247,sda,10976,5619712,53.186692,0,6.926985,698
213826766077247,213826866797535,sda,8976,4595712,43.514694,0,5.639380,568
213826866797535,213826967541437,sda,11344,5808128,54.981616,0,6.749788,680
213826967541437,213827068422113,sda,9616,4923392,46.543230,0,5.580851,563
213827068422113,213827169183336,sda,12944,6627328,62.725643,0,7.760922,782
213827169183336,213827269821685,sda,10128,5185536,49.139444,0,6.011625,605
213827269821685,213827371437021,sda,10968,5615616,52.703351,0,6.780473,689
213827371437021,213827472942215,sda,15144,7753728,72.848797,0,9.792602,994
213827472942215,213827574184850,sda,16504,8450048,79.596839,0,9.284626,940
213827574184850,213827675465499,sda,13312,6815744,64.178104,0,7.711246,781
213827675465499,213827776827148,sda,12136,6213632,58.461768,0,7.547233,765
213827776827148,213827878158552,sda,13064,6688768,62.950931,0,8.368580,848
213827878158552,213827979338288,sda,13352,6836224,64.435148,0,7.511385,760
213827979338288,213828080527926,sda,15248,7806976,73.577815,0,8.923839,903
213828080527926,213828181910169,sda,13376,6848512,64.422031,0,7.368154,747
213828181910169,213828282571379,sda,13392,6856704,64.961096,0,9.864773,993
213828282571379,213828383706321,sda,12568,6434816,60.678521,0,7.168640,725
213828383706321,213828485033341,sda,15040,7700480,72.475733,0,10.145369,1028
213828485033341,213828585807543,sda,16552,8474624,80.199407,0,10.935338,1102
213828585807543,213828686571115,sda,12904,6606848,62.530348,0,7.810362,787
213828686571115,213828787688867,sda,15136,7749632,73.089293,0,9.226867,933
213828787688867,213828889233452,sda,13728,7028736,66.011644,0,7.533637,765
213828889233452,213828990747378,sda,13520,6922240,65.031102,0,8.028455,815
213828990747378,213829091516061,sda,14056,7196672,68.109268,0,7.770271,783
213829091516061,213829192256306,sda,16760,8581120,81.234602,0,9.459973,953
213829192256306,213829292922763,sda,12736,6520832,61.775791,0,6.983458,703
213829292922763,213829393600261,sda,11856,6070272,57.501056,0,8.244146,830
213829393600261,213829494367755,sda,13496,6909952,65.396523,0,8.981071,905
213829494367755,213829595123617,sda,11176,5722112,54.160931,0,6.798612,685
213829595123617,213829696098690,sda,13032,6672384,63.018338,0,7.813810,789
213829696098690,213829796998251,sda,11664,5971968,56.445365,0,7.106077,717
213829796998251,213829897858600,sda,8688,4448256,42.060012,0,7.098924,716
213829897858600,213829998613265,sda,13416,6868992,65.017151,0,7.672101,773
213829998613265,213830099479153,sda,13832,7081984,66.959270,0,8.615400,869
213830099479153,213830200185288,sda,13312,6815744,64.544231,0,7.199164,725
213830200185288,213830300957813,sda,11352,5812224,55.004762,0,5.844847,589
213830300957813,213830401873921,sda,12664,6483968,61.274596,0,8.730024,881
213830401873921,213830502580775,sda,13504,6914048,65.474690,0,8.966619,903
213830502580775,213830603330899,sda,10048,5144576,48.697211,0,6.570712,662
213830603330899,213830704123857,sda,11760,6021120,56.970126,0,8.224781,829
213830704123857,213830804785065,sda,12944,6627328,62.787966,0,9.278649,934
213830804785065,213830905566451,sda,12968,6639616,62.829373,0,7.868517,793
213830905566451,213831006345416,sda,10976,5619712,53.179500,0,7.035198,709
213831006345416,213831107046349,sda,13928,7131136,67.534441,0,7.835081,789
213831107046349,213831207760266,sda,14944,7651328,72.451506,0,9.343297,941
213831207760266,213831308422970,sda,9448,4837376,45.829101,0,8.752000,881
213831308422970,213831409102287,sda,9912,5074944,48.071877,0,11.948830,1203
213831409102287,213831509861004,sda,7576,3878912,36.713635,0,5.140994,518
213831509861004,213831610756134,sda,9536,4882432,46.149403,0,6.026059,608
213831610756134,213831711563080,sda,7304,3739648,35.378576,0,5.178215,522
213831711563080,213831812587921,sda,7816,4001792,37.776909,0,5.503597,556
213831812587921,213831913514233,sda,8848,4530176,42.806602,0,5.726951,578
213831913514233,213832014408433,sda,7920,4055040,38.329136,0,5.352141,540
213832014408433,213832115186599,sda,8952,4583424,43.373420,0,5.636141,568
213832115186599,213832215976046,sda,10920,5591040,52.902674,0,6.339949,639
213832215976046,213832316920813,sda,6512,3334144,31.499280,0,3.863499,390
213832316920813,213832417682196,sda,10624,5439488,51.483017,0,7.224990,728
213832417682196,213832518423422,sda,11128,5697536,53.936149,0,7.335626,739
213832518423422,213832619167989,sda,10296,5271552,49.901885,0,10.749959,1083
213832619167989,213832719933363,sda,9840,5038080,47.681930,0,8.117868,818
213832719933363,213832820687560,sda,13968,7151616,67.692590,0,9.944995,1002
213832820687560,213832921501016,sda,8928,4571136,43.241995,0,5.862313,591
213832921501016,213833022230823,sda,10688,5472256,51.809391,0,6.780515,683
213833022230823,213833122925614,sda,12456,6377472,60.400654,0,8.520798,858
213833122925614,213833223693326,sda,11856,6070272,57.449578,0,7.472632,753
213833223693326,213833324426213,sda,11096,5681152,53.785501,0,6.869653,692
213833324426213,213833425075292,sda,10336,5292032,50.143280,0,6.845567,689
213833425075292,213833525786871,sda,11256,5763072,54.572610,0,8.569025,863
213833525786871,213833626492632,sda,13360,6840320,64.777203,0,8.579450,864
213833626492632,213833727311686,sda,10248,5246976,49.632545,0,7.022482,708
213833727311686,213833828039522,sda,13696,7012352,66.391777,0,8.011688,807
213833828039522,213833928814186,sda,13184,6750208,63.880144,0,7.888888,795
213833928814186,213834029674709,sda,15744,8060928,76.219117,0,9.121507,920
213834029674709,213834130480655,sda,13320,6819840,64.519074,0,7.936040,800
213834130480655,213834231180343,sda,14592,7471104,70.754936,0,9.056632,912
213834231180343,213834331866323,sda,14000,7168000,67.893638,0,11.024375,1110
213834331866323,213834432554273,sda,9440,4833280,45.778815,0,8.690216,875
213834432554273,213834533397940,sda,7376,3776512,35.714315,0,5.483736,553
213834533397940,213834634078193,sda,8336,4268032,40.428112,0,5.582028,562
213834634078193,213834734800911,sda,9800,5017600,47.508212,0,6.403719,645
213834734800911,213834835853522,sda,8160,4177920,39.428719,0,5.591147,565
213834835853522,213834936771581,sda,10368,5308416,50.164461,0,5.638238,569
213834936771581,213835037785591,sda,11576,5926912,55.956038,0,6.682241,675
213835037785591,213835138726171,sda,11648,5963776,56.345030,0,6.845612,691
213835138726171,213835239536051,sda,10568,5410816,51.187009,0,6.388263,644
213835239536051,213835340522350,sda,8552,4378624,41.349978,0,7.535676,761
213835340522350,213835441135429,sda,12368,6332416,60.022639,0,10.296872,1036
213835441135429,213835541818992,sda,14088,7213056,68.322038,0,9.524891,959
213835541818992,213835642580333,sda,15264,7815168,73.968101,0,8.753357,882
213835642580333,213835743342011,sda,10584,5419008,51.289030,0,7.254742,731
213835743342011,213835844138631,sda,11032,5648384,53.441462,0,7.143097,720
213835844138631,213835944839932,sda,12512,6406144,60.668283,0,8.857880,892
213835944839932,213836045587418,sda,15968,8175616,77.390269,0,10.779425,1086
213836045587418,213836146303366,sda,12504,6402048,60.620675,0,7.972918,803
213836146303366,213836247066663,sda,11920,6103040,57.762228,0,6.837807,689
213836247066663,213836347974117,sda,13392,6856704,64.802571,0,10.762337,1086
213836347974117,213836448746895,sda,9192,4706304,44.538628,0,6.261612,631
213836448746895,213836549423163,sda,8008,4100096,38.838907,0,4.996212,503
213836549423163,213836650114749,sda,12608,6455296,61.139667,0,13.586041,1368
213836650114749,213836750896938,sda,7472,3825664,36.201213,0,4.832203,487
213836750896938,213836851642070,sda,9392,4808704,45.520190,0,6.422147,647
213836851642070,213836952659859,sda,11200,5734400,54.136505,0,9.325090,942
213836952659859,213837053443633,sda,9344,4784128,45.270184,0,5.725128,577
213837053443633,213837154615366,sda,12896,6602752,62.239470,0,7.205570,729
213837154615366,213837255479294,sda,11432,5853184,55.342196,0,6.513726,657
213837255479294,213837356241923,sda,12736,6520832,61.716830,0,10.757957,1084
213837356241923,213837457066591,sda,11128,5697536,53.891511,0,6.218716,627
213837457066591,213837557772428,sda,13552,6938624,65.708083,0,10.823603,1090
213837557772428,213837658550449,sda,11416,5844992,55.311850,0,8.166463,823
213837658550449,213837759314829,sda,12392,6344704,60.048811,0,9.249300,932
213837759314829,213837860077628,sda,12264,6279168,59.429485,0,7.770725,783
213837860077628,213837960855634,sda,14256,7299072,69.071991,0,8.474071,854
213837960855634,213838061561207,sda,12784,6545408,61.984529,0,8.013459,807
213838061561207,213838162304759,sda,15048,7704576,72.934258,0,8.119626,818
213838162304759,213838263041950,sda,13784,7057408,66.812154,0,8.983772,905
213838263041950,213838363862437,sda,12376,6336512,59.937905,0,11.168365,1126
213838363862437,213838464659025,sda,13608,6967296,65.920200,0,9.970576,1005
213838464659025,213838565445988,sda,14200,7270400,68.794550,0,8.036754,810
213838565445988,213838666191212,sda,15576,7974912,75.492102,0,9.002908,907
213838666191212,213838766942542,sda,13144,6729728,63.701082,0,8.694674,876
213838766942542,213838867733502,sda,12504,6402048,60.575559,0,7.421300,748
213838867733502,213838968559243,sda,15032,7696384,72.797320,0,9.947856,1003
213838968559243,213839069304518,sda,14792,7573504,71.692258,0,8.079783,814
213839069304518,213839170058668,sda,16296,8343552,78.974725,0,8.922709,899
213839170058668,213839270835589,sda,14048,7192576,68.064939,0,8.315396,838
213839270835589,213839371602538,sda,13072,6692864,63.342322,0,7.045961,710
213839371602538,213839472722564,sda,12848,6578176,62.039516,0,7.931169,802
213839472722564,213839573567338,sda,12928,6619136,62.596204,0,8.012314,808
213839573567338,213839674373206,sda,13104,6709248,63.472867,0,7.688045,775
213839674373206,213839775187335,sda,11664,5971968,56.493197,0,6.338397,639
213839775187335,213839875969504,sda,10008,5124096,48.487930,0,5.546616,559
213839875969504,213839976682664,sda,12552,6426624,60.855068,0,7.734838,779
213839976682664,213840077521099,sda,13168,6742016,63.762270,0,9.024337,910
213840077521099,213840178359674,sda,13104,6709248,63.452280,0,8.042557,811
213840178359674,213840279083912,sda,11008,5636096,53.363521,0,6.075995,612
213840279083912,213840380038179,sda,12040,6164480,58.233361,0,6.567330,663
213840380038179,213840480760954,sda,16680,8540160,80.860870,0,9.203480,927
213840480760954,213840581610847,sda,13744,7036928,66.543824,0,7.684688,775
213840581610847,213840682456768,sda,13536,6930432,65.539339,0,8.270042,834
213840682456768,213840783343433,sda,15760,8069120,76.276805,0,8.455032,853
213840783343433,213840884050601,sda,11944,6115328,57.910786,0,7.119652,717
213840884050601,213840984722523,sda,16600,8499200,80.513698,0,10.767650,1084
213840984722523,213841085462213,sda,13128,6721536,63.630891,0,7.425077,748
213841085462213,213841186161944,sda,14720,7536640,71.375563,0,8.490589,855
213841186161944,213841286838064,sda,13600,6963200,65.960279,0,7.936341,799
213841286838064,213841387550361,sda,11352,5812224,55.037656,0,6.553321,660
213841387550361,213841488575685,sda,11896,6090752,57.496413,0,7.305099,738
213841488575685,213841589501782,sda,10912,5586944,52.792342,0,8.114849,819
213841589501782,213841690315288,sda,12368,6332416,59.903308,0,7.856090,792
213841690315288,213841791354386,sda,12528,6414336,60.542776,0,7.581224,766
213841791354386,213841892057549,sda,12472,6385664,60.473212,0,10.923192,1100
213841892057549,213841992757292,sda,10192,5218304,49.419813,0,6.901706,695
213841992757292,213842093503651,sda,9648,4939776,46.760375,0,5.925772,597
213842093503651,213842194445257,sda,12256,6275072,59.285514,0,11.392725,1150
213842194445257,213842295184249,sda,13800,7065600,66.888512,0,8.507133,857
213842295184249,213842395913474,sda,11768,6025216,57.044951,0,6.820265,687
213842395913474,213842496696392,sda,14200,7270400,68.797311,0,7.650106,771
213842496696392,213842597624070,sda,12744,6524928,61.654606,0,6.985200,705
213842597624070,213842698468684,sda,13016,6664192,63.022392,0,7.576012,764
213842698468684,213842799202652,sda,15248,7806976,73.910645,0,9.976774,1005
213842799202652,213842899884517,sda,15696,8036352,76.121579,0,8.422569,848
213842899884517,213843000539130,sda,14664,7507968,71.135898,0,7.928102,798
213843000539130,213843101380257,sda,13816,7073792,66.898238,0,7.695273,776
213843101380257,213843202102690,sda,13576,6950912,65.813603,0,7.436278,749
213843202102690,213843302732218,sda,15704,8040448,76.199987,0,9.410757,947
213843302732218,213843403422294,sda,15656,8015872,75.921397,0,10.616736,1069
213843403422294,213843504238137,sda,15408,7888896,74.625548,0,8.699030,877
213843504238137,213843605045033,sda,14184,7262208,68.703447,0,8.154204,822
213843605045033,213843705825238,sda,15280,7823360,74.031775,0,8.642570,871
213843705825238,213843806591909,sda,15328,7847936,74.274310,0,8.901753,897
213843806591909,213843907389555,sda,13768,7049216,66.694576,0,7.351362,741
213843907389555,213844008045171,sda,13752,7041024,66.711069,0,7.659781,771
213844008045171,213844108748879,sda,13576,6950912,65.825841,0,8.013608,807
213844108748879,213844209505350,sda,17040,8724480,82.578443,0,10.639515,1072
213844209505350,213844310176787,sda,12048,6168576,58.435766,0,9.754505,982
213844310176787,213844410817504,sda,12392,6344704,60.122597,0,10.125127,1019
213844410817504,213844511640303,sda,10432,5341184,50.521807,0,6.238668,629
213844511640303,213844612649863,sda,13000,6656000,62.842133,0,8.365545,845
213844612649863,213844713822739,sda,12088,6189056,58.339191,0,7.076996,716
213844713822739,213844814800170,sda,9728,4980736,47.040214,0,5.823083,588
213844814800170,213844915682206,sda,12888,6598656,62.379478,0,8.564458,864
213844915682206,213845016442049,sda,12232,6262784,59.276157,0,8.743563,881
213845016442049,213845117256783,sda,6368,3260416,30.842466,0,3.233654,326
213845117256783,213845218057453,sda,12560,6430720,60.840989,0,7.390824,745
213845218057453,213845318814564,sda,11184,5726208,54.199028,0,6.203036,625
213845318814564,213845419798899,sda,14280,7311360,69.046910,0,8.011144,809
213845419798899,213845520487480,sda,14184,7262208,68.784178,0,8.630572,869
213845520487480,213845621326468,sda,12072,6180864,58.454883,0,7.526851,759
213845621326468,213845722071795,sda,13200,6758400,63.976292,0,8.863935,893
213845722071795,213845822800793,sda,14456,7401472,70.075091,0,10.106325,1018
213845822800793,213845923624149,sda,12856,6582272,62.260809,0,8.301648,837
213845923624149,213846024375310,sda,14576,7462912,70.641246,0,11.235603,1132
213846024375310,213846125227925,sda,11216,5742592,54.302633,0,7.476256,754
213846125227925,213846225968889,sda,13696,7012352,66.383125,0,10.124978,1020
213846225968889,213846326685428,sda,14536,7442432,70.471606,0,9.422484,949
213846326685428,213846427447663,sda,8016,4104192,38.844538,0,5.021723,506
213846427447663,213846528267770,sda,8000,4096000,38.744752,0,4.949410,499
213846528267770,213846628991672,sda,10232,5238784,49.601869,0,9.431724,950
213846628991672,213846729808519,sda,10440,5345280,50.563536,0,5.961305,601
213846729808519,213846830881380,sda,6896,3530752,33.314457,0,4.669898,472
213846830881380,213846931863435,sda,8936,4575232,43.208481,0,5.624762,568
213846931863435,213847032745332,sda,11560,5918720,55.951875,0,8.623946,870
213847032745332,213847133618512,sda,11200,5734400,54.214113,0,7.326031,739
213847133618512,213847234391486,sda,11048,5656576,53.531528,0,6.598992,665
213847234391486,213847335129429,sda,11864,6074368,57.505331,0,7.226671,728
213847335129429,213847435973936,sda,11656,5967872,56.437444,0,9.757596,984
213847435973936,213847536689344,sda,12360,6328320,59.922869,0,7.972961,803
213847536689344,213847637406060,sda,10024,5132288,48.597010,0,6.394172,644
213847637406060,213847738371389,sda,10720,5488640,51.843292,0,6.418045,648
213847738371389,213847839046036,sda,12520,6410240,60.723146,0,7.946390,800
213847839046036,213847939734191,sda,15072,7716864,73.090772,0,10.040903,1011
213847939734191,213848040496936,sda,11968,6127616,57.995145,0,11.938936,1203
213848040496936,213848141206150,sda,13952,7143424,67.645250,0,8.122395,818
213848141206150,213848241965191,sda,12112,6201344,58.695105,0,7.036589,709
213848241965191,213848342811708,sda,11912,6098944,57.675827,0,7.327968,739
213848342811708,213848443620511,sda,13880,7106560,67.229682,0,9.185706,926
213848443620511,213848544372972,sda,13728,7028736,66.530633,0,8.307489,837
213848544372972,213848646042864,sda,13912,7122944,66.813966,0,8.025975,816
213848646042864,213848746968194,sda,10240,5242880,49.541577,0,7.976194,805
213848746968194,213848847747748,sda,7320,3747840,35.465713,0,5.745213,579
213848847747748,213848948588666,sda,11048,5656576,53.495460,0,7.179625,724
213848948588666,213849049347715,sda,12872,6590464,62.378082,0,12.931841,1303
213849049347715,213849150048920,sda,13728,7028736,66.564496,0,7.735756,779
213849150048920,213849250734323,sda,15208,7786496,73.752312,0,8.740095,880
213849250734323,213849351906852,sda,10944,5603328,52.818191,0,7.126440,721
213849351906852,213849452677965,sda,11016,5640192,53.377462,0,5.934240,598
213849452677965,213849553506077,sda,10744,5500928,52.030070,0,6.466451,652
213849553506077,213849654329956,sda,10656,5455872,51.606078,0,6.754352,681
213849654329956,213849755875673,sda,12896,6602752,62.010247,0,7.454770,757
213849755875673,213849856891308,sda,10032,5136384,48.491875,0,7.582985,766
213849856891308,213849957811526,sda,9032,4624384,43.699432,0,6.153376,621
213849957811526,213850058605470,sda,11656,5967872,56.465756,0,6.657146,671
213850058605470,213850159377769,sda,11744,6012928,56.904279,0,7.343288,740
213850159377769,213850260030747,sda,8200,4198400,39.779312,0,5.762373,580
213850260030747,213850360813218,sda,12096,6193152,58.603941,0,7.273090,733
213850360813218,213850461596761,sda,11720,6000640,56.781654,0,7.094412,715
213850461596761,213850562465234,sda,11632,5955584,56.307856,0,9.398378,948
213850562465234,213850663480290,sda,11288,5779456,54.563339,0,7.642425,772
213850663480290,213850764552416,sda,11944,6115328,57.701678,0,7.163201,724
213850764552416,213850865347655,sda,11664,5971968,56.503785,0,6.835640,689
213850865347655,213850966048730,sda,13600,6963200,65.943934,0,7.805279,786
213850966048730,213851066733656,sda,13024,6668288,63.161143,0,9.415511,948
213851066733656,213851167422919,sda,15344,7856128,74.409001,0,8.660308,872
213851167422919,213851268115080,sda,13432,6877184,65.135098,0,8.689852,875
213851268115080,213851368846024,sda,12832,6569984,62.201591,0,7.217246,727
213851368846024,213851470082138,sda,11648,5963776,56.180544,0,6.786116,687
213851470082138,213851570940642,sda,9960,5099520,48.218852,0,6.176970,623
213851570940642,213851671860248,sda,12456,6377472,60.266102,0,8.610814,869
213851671860248,213851772815301,sda,12568,6434816,60.786643,0,8.795994,888
213851772815301,213851873765281,sda,12824,6565888,62.027935,0,7.033186,710
213851873765281,213851974474233,sda,12144,6217728,58.879448,0,7.367766,742
213851974474233,213852075324828,sda,11304,5787648,54.729784,0,8.180418,825
213852075324828,213852176080382,sda,9896,5066752,47.957964,0,6.262682,631
213852176080382,213852276846858,sda,12688,6496256,61.481881,0,9.546826,962
213852276846858,213852377623862,sda,12544,6422528,60.777754,0,10.607579,1069
213852377623862,213852478388342,sda,15520,7946240,75.206313,0,10.797456,1088
213852478388342,213852579085523,sda,15208,7786496,73.743686,0,8.510665,857
213852579085523,213852679789395,sda,13768,7049216,66.756681,0,7.963944,802
213852679789395,213852780536825,sda,13528,6926336,65.564638,0,7.414581,747
213852780536825,213852881274000,sda,11912,6098944,57.738429,0,7.345848,740
213852881274000,213852982064394,sda,11616,5947392,56.273964,0,7.014557,707
213852982064394,213853082842810,sda,15248,7806976,73.878046,0,8.523651,859
213853082842810,213853183528016,sda,14592,7471104,70.765113,0,8.332902,839
213853183528016,213853284262042,sda,12704,6504448,61.579242,0,7.693528,775
213853284262042,213853384962752,sda,13120,6717440,63.616731,0,7.537186,759
213853384962752,213853485760987,sda,13024,6668288,63.090142,0,7.549735,761
213853485760987,213853586559731,sda,13768,7049216,66.693849,0,7.688588,775
213853586559731,213853687324074,sda,13400,6860800,64.933374,0,8.098103,816
213853687324074,213853788215254,sda,14320,7331840,69.304249,0,8.038364,811
213853788215254,213853888918447,sda,13664,6995968,66.252864,0,8.410855,847
213853888918447,213853989617197,sda,14576,7462912,70.678012,0,8.500602,856
213853989617197,213854090368856,sda,13912,7122944,67.422897,0,8.525914,859
213854090368856,213854191160876,sda,13336,6828032,64.605499,0,8.562186,863
213854191160876,213854291791049,sda,14528,7438336,70.493270,0,9.589569,965
213854291791049,213854392481380,sda,10384,5316608,50.355505,0,6.296533,634
213854392481380,213854493170658,sda,10736,5496832,52.063016,0,6.256873,630
213854493170658,213854593827978,sda,11440,5857280,55.494598,0,7.917954,797
213854593827978,213854694594051,sda,11920,6103040,57.760636,0,7.820092,788
213854694594051,213854795555919,sda,10504,5378048,50.800429,0,6.378646,644
213854795555919,213854896327022,sda,12880,6594560,62.409384,0,8.742586,881
213854896327022,213854997395601,sda,6888,3526656,33.277219,0,4.709673,476
213854997395601,213855098479609,sda,7816,4001792,37.754797,0,6.746863,682
213855098479609,213855199399538,sda,8704,4456448,42.112594,0,6.817286,688
213855199399538,213855300161384,sda,8696,4452352,42.139896,0,6.679115,673
213855300161384,213855400940627,sda,11400,5836800,55.233658,0,8.791493,886
213855400940627,213855501727991,sda,13440,6881280,65.112329,0,7.997034,806
213855501727991,213855602433299,sda,14608,7479296,70.828565,0,9.324235,939
213855602433299,213855703189073,sda,13864,7098368,67.187527,0,8.158341,822
213855703189073,213855804115893,sda,13544,6934528,65.525509,0,7.659015,773
213855804115893,213855904970097,sda,14504,7426048,70.220486,0,7.614953,768
213855904970097,213856005630728,sda,13304,6811648,64.534602,0,8.086578,814
213856005630728,213856106269515,sda,13552,6938624,65.751861,0,7.899539,795
213856106269515,213856207087921,sda,14176,7258112,68.656858,0,8.678971,875
213856207087921,213856307795580,sda,11336,5804032,54.962615,0,7.735261,779
213856307795580,213856408599789,sda,9568,4898816,46.346031,0,6.656468,671
213856408599789,213856509363566,sda,13200,6758400,63.964578,0,8.316481,838
213856509363566,213856610053734,sda,9744,4988928,47.252007,0,5.839696,588
213856610053734,213856710793525,sda,10576,5414912,51.261398,0,7.643454,770
213856710793525,213856811619101,sda,12184,6238208,59.005056,0,8.519664,859
213856811619101,213856912511598,sda,9048,4632576,43.788873,0,9.822336,991
213856912511598,213857013327107,sda,11512,5894144,55.756240,0,7.796419,786
213857013327107,213857114238652,sda,10528,5390336,50.941892,0,6.153904,621
213857114238652,213857215300820,sda,13136,6725632,63.466504,0,7.421175,750
213857215300820,213857316115764,sda,11488,5881856,55.640313,0,6.685517,674
213857316115764,213857417058406,sda,12448,6373376,60.213651,0,8.034266,811
213857417058406,213857517838795,sda,15400,7884800,74.613041,0,9.079147,915
213857517838795,213857618638025,sda,13104,6709248,63.477047,0,7.777837,784
213857618638025,213857719446451,sda,12408,6352896,60.100073,0,7.687849,775
213857719446451,213857820262508,sda,12144,6217728,58.816896,0,7.637672,770
213857820262508,213857921284141,sda,11712,5996544,56.609162,0,8.681309,877
213857921284141,213858022214431,sda,14280,7311360,69.083882,0,9.234096,932
213858022214431,213858122937326,sda,14720,7536640,71.359148,0,8.270215,833
213858122937326,213858223527646,sda,9944,5091328,48.269742,0,6.829683,687
213858223527646,213858324237498,sda,12064,6176768,58.491050,0,8.539383,860
213858324237498,213858424987018,sda,13856,7094272,67.152925,0,9.578209,965
213858424987018,213858525715791,sda,16200,8294400,78.529262,0,9.431267,950
213858525715791,213858626529472,sda,14704,7528448,71.217393,0,10.673155,1076
213858626529472,213858727341261,sda,13024,6668288,63.081660,0,7.350331,741
213858727341261,213858828036633,sda,13624,6975488,66.064047,0,7.368760,742
213858828036633,213858928840528,sda,15424,7897088,74.711895,0,9.037349,911
213858928840528,213859029731402,sda,16880,8642560,81.694084,0,9.188145,927
213859029731402,213859130579812,sda,13736,7032832,66.506068,0,7.248503,731
213859130579812,213859231323192,sda,15928,8155136,77.199551,0,9.161892,923
213859231323192,213859332081675,sda,15576,7974912,75.482168,0,8.267294,833
213859332081675,213859433217205,sda,10024,5132288,48.395764,0,6.209489,628
213859433217205,213859533972958,sda,11992,6139904,58.115478,0,7.860593,792
213859533972958,213859634847746,sda,12464,6381568,60.331601,0,7.137561,720
213859634847746,213859735687756,sda,10336,5292032,50.048339,0,6.029353,608
213859735687756,213859836489219,sda,10032,5136384,48.594905,0,6.309432,636
213859836489219,213859937278123,sda,10336,5292032,50.073716,0,6.439201,649
213859937278123,213860038382214,sda,11816,6049792,57.065260,0,7.071920,715
213860038382214,213860139449030,sda,10296,5271552,49.742774,0,6.203817,627
213860139449030,213860240073101,sda,10776,5517312,52.290855,0,6.896958,694
213860240073101,213860340805099,sda,11984,6135808,58.090404,0,7.048406,710
213860340805099,213860441530941,sda,12520,6410240,60.692282,0,8.627379,869
213860441530941,213860542445819,sda,14480,7413760,70.062142,0,9.493149,958
213860542445819,213860643244283,sda,10880,5570560,52.704176,0,8.908866,898
213860643244283,213860744014277,sda,14552,7450624,70.511751,0,8.573981,864
213860744014277,213860844734059,sda,14976,7667712,72.602421,0,8.439256,850
213860844734059,213860945524715,sda,15688,8032256,76.000659,0,9.018693,909
213860945524715,213861046304515,sda,10624,5439488,51.473609,0,6.886301,694
213861046304515,213861147063913,sda,15400,7884800,74.628585,0,9.239833,931
213861147063913,213861247716028,sda,13736,7032832,66.635771,0,8.703245,876
213861247716028,213861348393595,sda,13544,6934528,65.687734,0,8.571920,863
213861348393595,213861449349049,sda,9912,5074944,47.940389,0,5.685676,574
213861449349049,213861550050129,sda,11928,6107136,57.836706,0,8.212424,827
213861550050129,213861650770084,sda,9456,4841472,45.841834,0,5.530185,557
213861650770084,213861751545352,sda,11424,5849088,55.352123,0,7.124764,718
213861751545352,213861852292885,sda,12552,6426624,60.834306,0,7.206132,726
213861852292885,213861953033524,sda,11160,5713920,54.091564,0,6.888978,694
213861953033524,213862053819070,sda,11792,6037504,57.129348,0,8.949696,902
213862053819070,213862154622785,sda,11096,5681152,53.747709,0,7.063232,712
213862154622785,213862255510269,sda,11296,5783552,54.671053,0,6.621238,668
213862255510269,213862356539551,sda,11120,5693440,53.743701,0,7.146443,722
213862356539551,213862457220693,sda,15176,7770112,73.600240,0,10.657408,1073
213862457220693,213862557921710,sda,14152,7245824,68.620521,0,9.354424,942
213862557921710,213862658695236,sda,12768,6537216,61.865207,0,7.680589,774
213862658695236,213862759409639,sda,14696,7524352,71.248809,0,9.760272,983
213862759409639,213862860091942,sda,13016,6664192,63.123991,0,8.283482,834
213862860091942,213862960852281,sda,14048,7192576,68.076141,0,8.753444,882
213862960852281,213863061645924,sda,10544,5398528,51.078990,0,6.637323,669
213863061645924,213863162570727,sda,14056,7196672,68.003910,0,13.108770,1323
213863162570727,213863263367781,sda,12144,6217728,58.827984,0,7.609349,767
213863263367781,213863364097504,sda,14232,7286784,68.988761,0,8.041321,810
213863364097504,213863464749653,sda,12408,6352896,60.193387,0,9.200002,926
213863464749653,213863565417382,sda,15184,7774208,73.648850,0,13.837602,1393
213863565417382,213863666201527,sda,14960,7659520,72.478538,0,8.265189,833
213863666201527,213863767154231,sda,12456,6377472,60.246343,0,7.161770,723
213863767154231,213863867866368,sda,13552,6938624,65.703973,0,8.112230,817
213863867866368,213863968676685,sda,12272,6283264,59.440221,0,7.380197,744
213863968676685,213864069362515,sda,14144,7241728,68.592075,0,9.921952,999
213864069362515,213864170054763,sda,15144,7753728,73.436947,0,10.447676,1052
213864170054763,213864270770309,sda,12608,6455296,61.125122,0,8.310534,837
213864270770309,213864371510084,sda,13112,6713344,63.553286,0,7.276173,733
213864371510084,213864472350985,sda,10856,5558272,52.565786,0,7.487041,755
213864472350985,213864573481546,sda,11160,5713920,53.883007,0,7.564479,765
213864573481546,213864674482376,sda,11024,5644288,53.294735,0,7.158357,723
213864674482376,213864775199688,sda,11128,5697536,53.948955,0,6.453707,650
213864775199688,213864875943310,sda,10816,5537792,52.422673,0,7.047593,710
213864875943310,213864976684986,sda,10608,5431296,51.415538,0,8.745139,881
213864976684986,213865077471407,sda,11656,5967872,56.469971,0,7.133898,719
213865077471407,213865178184941,sda,11888,6086656,57.635625,0,7.317785,737
213865178184941,213865278997507,sda,10704,5480448,51.844355,0,5.852445,590
213865278997507,213865379848162,sda,12592,6447104,60.965767,0,7.922606,799
213865379848162,213865480654441,sda,16680,8540160,80.793888,0,10.128337,1021
213865480654441,213865581371974,sda,15088,7725056,73.147021,0,8.796879,886
213865581371974,213865682069289,sda,12568,6434816,60.942228,0,8.371623,843
213865682069289,213865782987485,sda,15440,7905280,74.704690,0,9.463110,955
213865782987485,213865883738078,sda,12840,6574080,62.228232,0,8.049580,811
213865883738078,213865984489913,sda,14344,7344128,69.516414,0,8.625153,869
213865984489913,213866085098710,sda,14968,7663616,72.643685,0,9.154269,921
213866085098710,213866185854061,sda,16344,8368128,79.206401,0,9.756306,983
213866185854061,213866286565893,sda,11712,5996544,56.783298,0,7.258333,731
213866286565893,213866387359971,sda,12416,6356992,60.147383,0,7.302016,736
213866387359971,213866488211013,sda,12528,6414336,60.655670,0,8.210128,828
213866488211013,213866589103305,sda,12752,6529024,61.714947,0,7.572432,764
213866589103305,213866690088227,sda,11416,5844992,55.198525,0,7.060460,713
213866690088227,213866791068426,sda,10248,5246976,49.553341,0,6.347779,641
213866791068426,213866892144291,sda,12904,6606848,62.337149,0,7.736763,782
213866892144291,213866992915542,sda,11528,5902336,55.858255,0,6.122778,617
213866992915542,213867093810889,sda,11536,5906432,55.828268,0,6.462141,652
213867093810889,213867194528055,sda,11696,5988352,56.702722,0,6.831010,688
213867194528055,213867295347122,sda,11104,5685248,53.778270,0,6.328168,638
213867295347122,213867396305385,sda,13272,6795264,64.189582,0,7.319857,739
213867396305385,213867497218118,sda,17376,8896512,84.076357,0,10.058196,1015
213867497218118,213867597887682,sda,13200,6758400,64.024440,0,7.559385,761
213867597887682,213867698692934,sda,13432,6877184,65.062024,0,8.680103,875
213867698692934,213867799475875,sda,14656,7503872,71.006561,0,8.513346,858
213867799475875,213867900227940,sda,14672,7512064,71.105863,0,8.456402,852
213867900227940,213868000919548,sda,14880,7618560,72.157205,0,8.252922,831
213868000919548,213868101719282,sda,17184,8798208,83.240547,0,9.444469,952
213868101719282,213868202494435,sda,11688,5984256,56.631333,0,6.995772,705
213868202494435,213868303233922,sda,12592,6447104,61.033044,0,7.157074,721
213868303233922,213868403861981,sda,14704,7528448,71.348763,0,8.158758,821
213868403861981,213868504844802,sda,13920,7127040,67.307240,0,8.040972,812
213868504844802,213868605778403,sda,14104,7221248,68.230190,0,7.460350,753
213868605778403,213868706460255,sda,15928,8155136,77.246729,0,8.392774,845
213868706460255,213868807166493,sda,14024,7180288,67.996346,0,7.963757,802
213868807166493,213868907855186,sda,11936,6111232,57.882616,0,6.932258,698
213868907855186,213869008600285,sda,16192,8290304,78.477763,0,10.114636,1019
213869008600285,213869109365687,sda,13304,6811648,64.467502,0,8.713308,878
213869109365687,213869210106389,sda,13616,6971392,65.995545,0,8.368018,843
213869210106389,213869310862433,sda,15752,8065024,76.336922,0,8.674418,874
213869310862433,213869411505288,sda,13096,6705152,63.536863,0,7.263307,731
213869411505288,213869512352446,sda,11160,5713920,54.034430,0,6.346237,640
213869512352446,213869613190485,sda,12208,6250496,59.113977,0,7.665758,773
213869613190485,213869714029150,sda,13376,6848512,64.769303,0,8.379722,845
213869714029150,213869814829462,sda,11840,6062080,57.353493,0,6.507916,656
213869814829462,213869915669449,sda,11496,5885952,55.665232,0,6.574773,663
213869915669449,213870016539320,sda,13056,6684672,63.200239,0,7.118082,718
213870016539320,213870117389513,sda,12344,6320128,59.765317,0,7.516099,758
213870117389513,213870218213539,sda,12528,6414336,60.671923,0,7.131237,719
213870218213539,213870319066601,sda,12304,6299648,59.569956,0,7.575377,764
213870319066601,213870420183766,sda,13408,6864896,64.745437,0,8.059957,815
213870420183766,213870521012770,sda,14240,7290880,68.959572,0,7.428418,749
213870521012770,213870621724071,sda,15784,8081408,76.525982,0,9.005941,907
213870621724071,213870722399958,sda,15400,7884800,74.690489,0,8.909780,897
213870722399958,213870823042941,sda,13168,6742016,63.886098,0,7.620998,767
213870823042941,213870923876234,sda,13552,6938624,65.625026,0,7.537193,760
213870923876234,213871024633911,sda,15560,7966720,75.405234,0,8.376533,844
213871024633911,213871125332275,sda,16424,8409088,79.639141,0,9.583075,965
213871125332275,213871226071638,sda,12896,6602752,62.506599,0,8.189450,825
213871226071638,213871326772859,sda,13800,7065600,66.913600,0,8.113109,817
213871326772859,213871427505098,sda,12184,6238208,59.059729,0,7.068244,712
213871427505098,213871528200754,sda,12848,6578176,62.300975,0,7.170121,722
213871528200754,213871628940731,sda,12936,6623232,62.700096,0,7.504469,756
213871628940731,213871729836106,sda,12656,6479872,61.248471,0,7.136105,720
213871729836106,213871830731896,sda,11456,5865472,55.440866,0,6.581048,664
213871830731896,213871931973295,sda,11256,5763072,54.287019,0,6.321525,640
213871931973295,213872032681063,sda,11272,5771264,54.652251,0,6.374881,642
213872032681063,213872133436186,sda,11072,5668864,53.657321,0,7.781242,784
213872133436186,213872234159213,sda,12304,6299648,59.646862,0,8.041855,810
213872234159213,213872334875611,sda,11016,5640192,53.406460,0,7.009782,706
213872334875611,213872435650785,sda,13120,6717440,63.569724,0,9.119309,919
213872435650785,213872536478812,sda,13360,6840320,64.698653,0,7.854959,792
213872536478812,213872637264852,sda,15320,7843840,74.221279,0,8.542850,861
213872637264852,213872737984980,sda,15152,7757824,73.455402,0,9.034937,910
213872737984980,213872838849188,sda,11464,5869568,55.496953,0,6.731823,679
213872838849188,213872939736654,sda,12864,6586368,62.259964,0,7.552970,762
213872939736654,213873040500868,sda,13784,7057408,66.794237,0,8.028644,809
213873040500868,213873141224506,sda,14528,7438336,70.427857,0,8.220513,828
213873141224506,213873241960807,sda,13192,6754304,63.943248,0,9.212171,928
213873241960807,213873342663370,sda,11936,6111232,57.874644,0,7.805164,786
213873342663370,213873443410728,sda,12248,6270976,59.361048,0,7.424512,748
213873443410728,213873544193494,sda,14856,7606272,71.975661,0,9.088856,916
213873544193494,213873645057672,sda,15280,7823360,73.970141,0,9.716036,980
213873645057672,213873745834167,sda,13408,6864896,64.964305,0,7.333059,739
213873745834167,213873846556216,sda,13720,7024640,66.511939,0,7.893009,795
213873846556216,213873947438681,sda,13504,6914048,65.360715,0,7.820983,789
213873947438681,213874048167635,sda,12472,6385664,60.457728,0,7.763408,782
213874048167635,213874148918526,sda,12400,6348800,60.095622,0,7.305146,736
213874148918526,213874249638552,sda,15976,8179712,77.450151,0,9.223588,929
213874249638552,213874350385438,sda,13496,6909952,65.409900,0,7.762027,782
213874350385438,213874451104448,sda,13048,6680576,63.256120,0,7.307459,736
213874451104448,213874551966044,sda,12352,6324224,59.797289,0,6.692339,675
213874551966044,213874652881306,sda,11512,5894144,55.701126,0,6.361773,642
213874652881306,213874753705865,sda,11864,6074368,57.455929,0,6.397251,645
213874753705865,213874854567818,sda,12720,6512640,61.578596,0,7.832488,790
213874854567818,213874955325378,sda,11960,6123520,57.959361,0,8.277295,834
213874955325378,213875056295990,sda,10704,5480448,51.763205,0,6.734633,680
213875056295990,213875157460266,sda,10376,5312512,50.080982,0,6.267034,634
213875157460266,213875258189767,sda,11920,6103040,57.781608,0,6.919522,697
213875258189767,213875358973253,sda,12848,6578176,62.246681,0,7.689752,775
213875358973253,213875459760764,sda,11872,6078464,57.515807,0,7.252883,731
213875459760764,213875560446942,sda,11144,5705728,54.043230,0,7.746843,780
213875560446942,213875661155816,sda,11512,5894144,55.815278,0,8.201859,826
213875661155816,213875761981244,sda,12848,6578176,62.220787,0,7.924588,799
213875761981244,213875862833732,sda,11280,5775360,54.612559,0,6.603704,666
213875862833732,213875963630092,sda,13376,6848512,64.796487,0,8.075688,814
213875963630092,213876064360560,sda,10776,5517312,52.235623,0,6.889673,694
213876064360560,213876165076270,sda,12560,6430720,60.892313,0,7.804145,786
213876165076270,213876265851344,sda,14008,7172096,67.872376,0,8.682703,875
213876265851344,213876366558151,sda,11392,5832704,55.234598,0,7.129607,718
213876366558151,213876467267736,sda,9928,5083136,48.135004,0,6.662722,671
213876467267736,213876568073196,sda,11024,5644288,53.398025,0,6.775427,683
213876568073196,213876668843353,sda,10744,5500928,52.059994,0,6.509864,656
213876668843353,213876769601819,sda,13256,6787072,64.239329,0,8.177973,824
213876769601819,213876870398139,sda,11136,5701632,53.945422,0,7.520116,758
213876870398139,213876971158703,sda,7192,3682304,34.852115,0,5.954711,600
213876971158703,213877071497784,sda,0,0,0.000000,0,0.000000,0
213877071497784,213877171929020,sda,0,0,0.000000,0,0.000000,0
213877171929020,213877272371941,sda,0,0,0.000000,0,0.000000,0
213877272371941,213877372712191,sda,0,0,0.000000,0,0.000000,0
213877372712191,213877473011845,sda,0,0,0.000000,0,0.000000,0
213877473011845,213877573372737,sda,0,0,0.000000,0,0.000000,0
213877573372737,213877673687827,sda,0,0,0.000000,0,0.000000,0
213877673687827,213877774118352,sda,0,0,0.000000,0,0.000000,0
213877774118352,213877874617027,sda,0,0,0.000000,0,0.000000,0
213877874617027,213877976039662,sda,0,0,0.000000,0,0.000000,0
