sample_start_ns,sample_end_ns,pid,read_bytes,write_bytes,cancelled_write_bytes,read_bytes_delta,write_bytes_delta
29226896122164,29226996726634,438459,192598016,73728,0,73736192,4096
29226996726634,29227097192744,438459,483442688,73728,0,290844672,0
29227097192744,29227197743943,438459,775786496,73728,0,292343808,0
29227197743943,29227298244970,438459,1069957120,73728,0,294170624,0
29227298244970,29227398656631,438459,1360429056,73728,0,290471936,0
29227398656631,29227499098269,438459,1652948992,73728,0,292519936,0
29227499098269,29227599521205,438459,1943928832,73728,0,290979840,0
29227599521205,29227700031808,438459,2238365696,73728,0,294436864,0
29227700031808,29227800430368,438459,2531676160,73728,0,293310464,0
29227800430368,29227900896086,438459,2822463488,73728,0,290787328,0
29227900896086,29228001331333,438459,3116384256,73728,0,293920768,0
29228001331333,29228101907387,438459,3410984960,73728,0,294600704,0
29228101907387,29228202433668,438459,3702628352,73728,0,291643392,0
29228202433668,29228303101993,438459,3994968064,73728,0,292339712,0
29228303101993,29228403654793,438459,4285620224,73728,0,290652160,0
29228403654793,29228504177352,438459,4577849344,73728,0,292229120,0
29228504177352,29228604585811,438459,4871065600,73728,0,293216256,0
29228604585811,29228705013042,438459,5042327552,73728,0,171261952,0
29228705013042,29228805496141,438459,5046521856,1908736,0,4194304,1835008
29228805496141,29228905934646,438459,5046521856,1908736,0,0,0
29228905934646,29229006302401,438459,5046521856,1908736,0,0,0
29229006302401,29229106822855,438459,5046521856,1908736,0,0,0
29229106822855,29229207471454,438459,5046521856,1908736,0,0,0
29229207471454,29229308149805,438459,5046521856,1908736,0,0,0
29229308149805,29229408768697,438459,5046521856,1908736,0,0,0
29229408768697,29229509169673,438459,5046521856,1908736,0,0,0
29229509169673,29229609596447,438459,5046521856,1908736,0,0,0
29229609596447,29229709974048,438459,5046521856,1908736,0,0,0
